,TAXA_1,TAXA_2,TAXA_3,TAXA_4,TAXA_5,TAXA_6,TAXA_7,TAXA_8,TAXA_9,TAXA_10,TAXA_11,TAXA_12,TAXA_13,TAXA_14,TAXA_15,TAXA_16,TAXA_17,TAXA_18,TAXA_19,TAXA_20,TAXA_21,TAXA_22,TAXA_23,TAXA_24,TAXA_25,TAXA_26,TAXA_27,TAXA_28,TAXA_29,TAXA_30,TAXA_31,TAXA_32,TAXA_33,TAXA_34,TAXA_35,TAXA_36,TAXA_37,TAXA_38,TAXA_39,TAXA_40,TAXA_41,TAXA_42,TAXA_43,TAXA_44,TAXA_45,TAXA_46,TAXA_47,TAXA_48,TAXA_49,TAXA_50,TAXA_51,TAXA_52,TAXA_53,TAXA_54,TAXA_55,TAXA_56,TAXA_57,TAXA_58,TAXA_59,TAXA_60,TAXA_61,TAXA_62,TAXA_63,TAXA_64,TAXA_65,TAXA_66,TAXA_67,TAXA_68,TAXA_69,TAXA_70,TAXA_71,TAXA_72,TAXA_73,TAXA_74,TAXA_75,TAXA_76,TAXA_77,TAXA_78,TAXA_79,TAXA_80,TAXA_81,TAXA_82,TAXA_83,TAXA_84,TAXA_85,TAXA_86,TAXA_87,TAXA_88,TAXA_89,TAXA_90,TAXA_91,TAXA_92,TAXA_93,TAXA_94,TAXA_95,TAXA_96,TAXA_97,TAXA_98,TAXA_99,TAXA_100,TAXA_101,TAXA_102,TAXA_103,TAXA_104,TAXA_105,TAXA_106,TAXA_107,TAXA_108,TAXA_109,TAXA_110,TAXA_111,TAXA_112,TAXA_113,TAXA_114,TAXA_115,TAXA_116,TAXA_117,TAXA_118,TAXA_119,TAXA_120
SAMPLE_1,3760,7924,0,6584,0,0,0,0,0,0,0,1178,0,167,0,0,0,67,0,0,2256,0,1701,0,706,621,840,0,2053,0,710,0,0,0,0,0,0,0,0,0,0,5231,0,2958,963,2642,0,0,0,0,0,0,0,0,0,0,0,219,0,463,0,0,0,0,0,0,0,0,0,0,0,0,0,14,1340,92,841,0,195,113,0,0,0,0,0,848,119,0,80,279,203,0,61,1177,54,1345,447,631,2256,631,2867,0,0,0,0,0,0,84,0,146,98,991,400,2124,239,0,321,2251,1856,2184
SAMPLE_2,185,83,0,0,0,147,1832,4537,0,481,0,0,0,0,3294,1123,0,820,1787,2446,16,0,16,0,6565,3409,3529,1346,372,0,2313,186,429,0,725,0,1169,0,0,0,0,0,0,26,0,0,0,0,0,0,0,0,0,0,0,0,8776,376,1157,0,0,0,0,0,0,0,4937,105,530,0,3351,0,0,419,20,3,0,0,61,541,3722,0,347,1871,0,3424,704,0,0,0,235,0,78,745,0,1982,1733,307,0,0,0,0,0,0,0,0,0,0,0,0,0,168,268,19,44,42,0,0,40,0
SAMPLE_3,0,0,0,0,0,0,0,0,0,0,0,0,0,0,0,0,0,0,0,0,0,0,7,0,5437,8612,5435,1802,0,0,0,0,18,5,0,2699,28,0,150,0,876,1564,0,792,3430,3282,0,0,285,443,1661,2089,4344,707,3729,464,0,0,0,0,0,1047,0,0,1043,1359,1653,573,440,0,218,0,17,0,71,1,0,0,148,1474,262,0,1211,294,0,3058,2620,0,335,732,1142,1895,2108,794,198,2922,835,886,2453,983,7148,0,41,17,17,5,0,284,0,1808,144,1204,26,186,0,0,0,0,0,0
SAMPLE_4,995,4600,0,4586,0,0,0,1403,632,181,1533,979,0,3836,0,3341,0,216,453,551,0,150,0,32,0,0,118,223,147,0,778,575,0,101,0,3329,694,0,0,33,0,332,0,124,386,0,0,0,0,0,0,0,0,0,0,0,0,0,0,0,0,0,0,0,9557,7807,517,2940,124,2355,0,0,0,150,2868,611,0,0,0,0,0,0,682,3115,106,1154,627,1055,4514,2839,0,0,0,0,1944,1099,0,269,663,845,1968,0,760,489,316,269,856,916,0,0,234,138,0,0,0,0,0,0,0,0
SAMPLE_5,1631,5008,0,2521,21,106,1254,0,0,0,2690,1,0,0,0,0,0,2049,2,42,1365,0,1736,0,1758,0,2649,0,365,0,133,0,1135,29,1281,37,0,0,0,0,0,0,0,0,969,0,0,0,783,1259,4048,5780,10592,427,3132,0,9722,845,1038,0,0,0,0,616,5954,7217,0,3487,5,6069,0,0,0,263,28,1,0,0,0,0,0,0,0,0,0,0,0,0,0,0,0,0,0,0,0,955,2120,609,1609,597,2496,0,0,0,17,42,284,281,0,1130,2241,0,0,13,2406,0,1873,836,2187,0
SAMPLE_6,0,0,0,0,503,200,124,0,1116,0,1284,643,0,1053,781,0,0,1005,196,93,2002,0,1231,0,2858,1479,1332,0,20,0,9,0,82,540,1442,161,0,0,0,0,0,0,0,0,0,0,0,0,288,0,2158,0,835,0,139,29,7602,786,613,0,0,0,0,0,0,0,3728,6628,537,10392,3594,0,603,0,324,114,3385,0,274,659,825,1305,468,2450,90,243,0,346,2105,1382,1000,0,245,0,1611,1482,1242,455,1054,120,3651,0,0,570,457,1208,1353,331,0,269,60,419,0,0,0,0,0,0,0,0
SAMPLE_7,1127,298,0,0,533,189,0,0,1085,0,1733,26,0,0,1121,2815,0,0,0,0,0,0,0,0,0,0,95,19,275,0,1710,0,0,0,0,41,0,8,123,0,0,0,0,0,1320,811,0,0,2140,0,3120,2770,8702,0,3079,1664,0,0,0,80,151,0,3471,0,0,0,0,0,178,1321,1281,0,0,5,0,0,0,0,0,0,0,0,0,0,0,661,113,242,1589,0,638,0,1643,0,3542,1973,0,641,1592,855,4359,0,2159,4666,1882,1218,125,238,2465,121,8,89,2,12,351,0,948,599,518,141
SAMPLE_8,1072,2556,0,0,0,0,0,0,0,0,0,0,0,0,0,0,0,0,0,0,521,0,605,0,5934,2891,2824,0,20,0,0,0,0,0,2218,32,4592,0,269,255,0,1438,0,1341,0,0,0,0,444,0,3911,6086,7863,206,1435,205,6870,677,657,0,0,511,0,0,2362,3167,28,0,7,925,0,57,0,0,111,46,1656,0,897,1359,0,0,17,107,0,1945,350,0,12,0,2212,2580,2369,1403,3106,3176,1380,0,12,0,0,0,0,0,0,0,0,0,203,1816,105,1231,0,3892,42,421,55,358,376,443
SAMPLE_9,183,278,0,0,0,37,0,0,0,0,0,0,0,0,2791,0,0,1675,0,0,0,0,0,0,0,0,0,0,0,0,0,0,329,0,993,0,4184,0,0,0,579,1979,0,1063,0,0,811,0,248,0,2135,4323,5505,185,1011,108,0,0,0,0,235,22,0,0,2904,2077,0,919,0,576,0,134,0,0,0,0,0,0,0,0,0,0,1182,422,0,6637,2529,0,11,0,6,6,11,0,2,40,67,695,0,0,9,10,0,0,2090,1270,851,1198,0,2084,1397,2033,0,317,0,2,0,6,47,144
SAMPLE_10,2530,1672,0,0,0,0,0,0,719,0,787,0,0,0,19,0,913,314,0,0,88,0,101,0,4748,1698,2584,2162,0,272,0,0,0,0,0,0,0,0,0,0,0,0,0,0,166,81,0,0,845,361,0,0,0,5,184,50,0,32,153,0,1200,120,0,0,3484,676,130,3775,5,2856,0,0,0,0,295,14,0,23,37,370,2078,0,0,139,0,6854,1189,0,1089,685,405,0,95,0,1394,1397,1405,0,344,0,318,0,51,146,0,27,0,0,0,0,63,24,0,3,105,0,50,423,740,3065
SAMPLE_11,1298,2797,0,388,484,394,634,0,737,0,1164,550,0,0,2856,0,0,218,518,142,0,0,0,0,3985,4519,3678,1349,1775,0,1675,726,0,0,1729,0,2440,0,0,0,0,4128,0,2186,76,1797,0,0,92,197,678,517,2265,0,333,0,9774,594,736,0,1154,0,0,0,11588,10343,464,0,119,0,738,0,0,376,1247,515,0,0,795,573,0,0,0,0,0,0,0,0,0,0,0,0,0,0,0,0,0,0,0,0,0,0,0,0,0,0,717,661,0,0,140,805,0,143,89,0,78,95,329,841
SAMPLE_12,650,867,264,0,224,532,1470,0,0,834,0,363,0,0,0,0,0,0,842,1032,19,0,21,0,2437,2243,3078,321,2156,0,5040,1033,68,0,0,36,0,0,0,36,58,394,0,0,1281,750,0,0,757,1359,4337,2318,6703,284,2190,0,0,0,0,0,0,0,0,8,2272,3143,0,1360,60,814,441,0,0,2,209,58,2393,1387,204,608,0,0,564,1907,37,426,0,0,493,0,0,0,0,0,0,0,0,0,0,13,1254,0,1368,3579,704,664,0,264,0,0,2331,1296,0,674,0,4245,0,3088,860,0
SAMPLE_13,0,463,0,165,0,0,0,0,0,0,0,306,0,1374,2523,2597,0,0,0,0,1612,0,1211,0,748,758,964,1004,424,0,237,21,0,0,348,0,2107,0,0,0,0,1742,0,1469,0,4443,0,0,198,1212,426,0,141,0,1883,679,3726,600,581,0,0,0,0,0,8045,6055,0,1869,0,456,0,0,0,81,52,2,0,3373,1000,3395,440,0,0,0,0,444,0,187,760,998,2579,0,698,0,2338,1498,600,0,0,0,0,0,0,0,0,0,0,0,0,0,0,0,0,0,0,0,0,0,0,0
SAMPLE_14,0,0,0,0,98,39,101,0,0,0,44,0,0,0,264,0,0,4127,1087,292,749,0,322,0,3813,5577,4911,1366,44,0,366,20,51,55,110,31,331,0,0,0,0,0,0,0,206,0,0,0,221,395,1314,1220,4829,40,789,226,0,0,0,0,0,0,2752,778,0,0,0,0,369,0,2932,0,226,77,3716,762,0,0,5,5,0,0,241,165,0,10474,1600,646,4526,1787,0,4074,2474,0,0,377,600,80,0,120,850,0,0,53,0,83,0,2150,0,3049,170,1702,0,0,0,0,0,0,0,0
SAMPLE_15,0,0,0,0,0,0,0,0,0,0,0,0,0,0,1952,0,0,0,5829,4515,53,0,0,26,291,0,162,0,465,0,1857,136,162,0,2618,0,6785,4120,11235,662,1537,0,0,0,0,0,0,0,516,979,3217,5618,6530,0,952,0,163,0,22,0,0,0,0,0,4677,3696,1443,654,505,0,2818,271,0,0,847,272,0,0,674,324,0,0,281,1423,0,4304,628,51,1842,1310,913,480,518,252,1188,1260,1123,819,1266,144,1315,0,0,0,1248,0,0,133,0,0,594,0,0,0,0,0,0,0,0,0
SAMPLE_16,117,0,0,0,0,0,0,0,0,0,0,0,0,0,0,0,0,0,0,0,0,0,0,0,831,1402,0,204,260,0,1555,137,45,0,92,0,113,0,5646,277,2613,2152,0,969,1428,1794,0,0,20,0,190,228,0,0,1360,0,3879,0,200,0,353,139,0,0,10549,12305,4173,0,545,0,3809,0,411,209,1842,200,0,0,972,1560,0,0,128,686,27,7341,2647,0,359,795,980,1333,876,593,0,832,280,657,2062,2094,5732,0,1018,3177,812,1323,521,218,1659,164,63,132,0,1560,1852,0,4856,1107,563,0
SAMPLE_17,495,367,0,0,303,99,0,0,0,0,0,0,0,0,0,0,0,0,0,0,0,0,0,2282,5283,5481,5493,2860,2266,0,3286,996,1226,324,2078,109,3280,0,0,0,0,2690,0,2027,1812,3582,0,0,431,0,2344,1539,1774,719,3023,0,0,0,0,0,1227,0,0,0,5900,5856,4644,0,101,701,0,0,0,0,0,0,0,0,0,0,0,0,1136,356,0,1739,843,0,345,952,1460,435,2674,0,0,794,226,0,669,1535,4829,0,247,518,124,110,63,41,0,0,24,7,0,165,4863,0,4351,1179,1348,0
SAMPLE_18,355,1110,0,0,217,490,0,0,3743,441,1007,1014,0,875,1224,684,0,1516,0,0,1421,0,793,0,0,285,293,428,0,0,0,0,62,2074,0,1103,67,9972,17212,680,1953,318,0,0,396,0,0,0,0,161,726,0,4783,561,1261,1089,0,0,0,0,0,0,0,0,0,0,0,0,0,0,0,0,0,1,2002,263,0,2550,722,1801,0,0,0,0,0,6339,1353,0,774,725,1307,0,0,0,0,0,0,0,0,0,129,0,189,219,756,783,2795,2275,0,1074,1394,1769,0,252,3771,0,4485,0,88,153
SAMPLE_19,1482,2007,0,390,27,43,200,781,384,327,1149,252,0,126,6,0,0,1021,463,545,108,0,169,0,1253,3258,1568,472,295,0,1819,165,0,0,366,20,2388,0,45,20,0,101,0,0,1698,745,0,0,1545,1647,3435,2438,9404,124,1487,480,0,221,75,0,0,27,0,123,0,0,6668,1814,641,2008,3910,0,179,0,384,136,224,49,203,1724,1482,0,1552,648,0,3267,1561,0,0,0,0,0,0,0,0,0,0,0,0,0,0,0,0,0,0,0,0,0,0,0,0,0,0,0,0,0,0,1977,853,0
SAMPLE_20,1609,1185,0,0,0,0,0,0,0,0,0,0,0,0,0,0,0,0,0,0,0,0,0,0,4617,2709,2944,1445,488,0,163,0,0,0,673,27,4542,0,0,0,0,212,0,275,573,3914,0,0,5,6,16,0,71,0,6,356,0,0,0,0,122,0,0,0,4445,3451,807,2017,255,2653,1815,0,319,0,1,3,38,0,97,46,0,0,87,219,36,3063,480,134,985,0,1190,0,503,0,2465,1557,397,336,669,740,2045,0,163,118,119,40,0,0,0,109,374,2280,0,1100,1866,1172,3815,0,1215,0
SAMPLE_21,0,133,0,0,179,414,1105,0,135,0,639,46,0,237,2135,848,0,270,0,1095,3071,0,2320,0,2176,4872,2648,642,910,0,3547,260,0,378,1378,123,3939,1065,2700,341,0,3511,0,1918,217,840,0,0,925,1828,6054,4438,5140,0,789,1056,5861,627,550,0,0,0,0,0,7038,7591,4028,22,421,0,2183,0,0,399,396,160,3387,2697,403,1969,491,0,27,159,0,0,0,0,0,0,0,0,0,0,0,0,0,0,0,0,0,0,0,0,0,0,0,96,433,386,385,3817,0,0,0,0,0,0,0,0
SAMPLE_22,0,0,0,0,0,157,359,5449,0,1031,5,1142,0,9,0,0,0,2926,52,59,57,0,27,683,0,2598,1235,0,4,0,27,0,612,1427,1249,804,3891,0,0,31,0,1628,0,740,323,0,0,0,1936,1212,2415,2168,2705,2351,1525,0,0,53,138,0,1171,2,0,0,6219,6683,38,3020,12,1489,91,0,14,0,15,10,103,0,289,300,0,318,428,1850,0,4732,1362,0,0,0,0,0,0,0,0,0,0,0,820,0,757,0,2012,3581,3081,2759,3575,994,0,397,981,0,0,0,0,0,0,0,0,0
SAMPLE_23,523,0,0,0,453,227,0,0,2798,0,1073,0,0,0,0,0,0,247,74,23,771,0,1009,0,317,0,211,0,596,0,1306,0,101,0,230,0,354,2941,5278,138,1145,169,0,0,383,0,0,0,951,0,645,0,834,0,124,31,0,3,16,0,0,0,0,404,6661,6860,0,21,0,0,0,0,0,0,0,0,0,0,0,0,0,0,0,0,0,0,0,170,390,0,1902,0,538,0,0,17,14,0,186,181,1824,0,0,0,564,1603,2323,0,1016,0,47,359,0,46,0,0,0,238,1386,0
SAMPLE_24,0,2412,0,0,480,575,0,6995,0,574,992,530,0,0,0,829,0,2792,0,29,24,0,34,0,582,589,557,468,173,0,1181,788,79,106,0,279,0,0,0,0,0,3978,0,2259,454,1947,0,0,38,0,0,1250,5793,153,999,147,9101,532,846,0,2,0,0,0,70,62,218,15,31,0,86,0,0,0,2843,152,0,0,0,0,0,1042,805,4008,102,6821,663,0,0,0,0,0,0,0,0,0,0,0,0,757,1594,0,1362,2957,722,824,1312,1264,0,0,0,0,0,0,0,0,0,0,0,0
SAMPLE_25,119,87,0,0,36,56,0,429,3825,0,2100,0,0,0,104,129,0,173,375,431,4183,0,3076,0,5401,3600,3349,750,2030,0,2428,208,0,0,0,0,0,0,0,0,0,630,0,0,1216,1050,0,0,720,897,2272,716,2817,93,473,89,17783,1429,1245,0,26,0,0,0,0,0,1263,4091,407,5786,3150,0,307,4,0,0,0,222,65,643,3958,0,55,14,0,5915,2544,0,15,0,61,158,277,0,329,0,0,0,0,0,0,0,0,0,0,0,0,0,0,0,0,0,0,0,0,0,0,0,0,0
SAMPLE_26,0,40,0,0,23,37,0,2046,0,0,0,343,0,1696,1266,2748,0,271,0,0,1578,0,1942,0,4840,2282,3424,1175,0,0,25,0,52,104,285,51,425,0,0,10,18,5216,0,2784,1185,2914,0,0,575,1226,4206,4106,15655,357,2560,314,12671,1518,940,0,0,0,0,0,10581,10978,0,0,0,0,0,0,0,0,0,0,0,0,0,0,0,0,0,0,0,0,25,0,630,1761,1087,255,659,294,3156,2036,0,477,1050,1462,3240,0,0,0,38,0,0,126,27,0,0,13,11,28,1141,0,1070,218,0,0
SAMPLE_27,113,0,0,0,0,0,0,0,0,0,0,0,0,0,0,0,0,0,1310,1326,3469,0,2460,0,0,1231,1028,1827,102,2826,671,0,489,0,2964,0,4132,2140,2689,110,804,591,0,148,54,332,0,0,244,0,1581,2732,4499,2199,1814,198,0,0,0,0,0,1144,0,0,13693,11744,0,22,0,0,0,0,0,0,0,0,0,0,0,0,0,359,1436,2686,514,7264,1012,0,1346,346,769,2712,926,0,0,0,0,7,19,0,30,0,630,1295,1083,2519,0,503,0,1725,298,1125,0,992,0,0,0,2291,579,0
SAMPLE_28,1397,378,0,0,0,0,0,0,0,0,0,0,0,0,0,0,0,0,0,0,0,0,0,0,0,0,0,0,938,0,5764,1609,0,120,0,3211,0,0,2398,71,209,3276,0,1958,1597,3589,0,0,2113,0,2558,2036,5391,785,3274,379,0,13,0,0,0,1573,0,0,0,0,17,2588,9,4895,0,0,0,14,5472,457,0,0,0,0,0,0,56,253,7,578,0,276,1419,854,972,359,1765,0,0,1142,2593,1142,2255,1819,6149,0,0,27,0,57,0,608,0,238,682,0,0,0,1080,259,3178,5174,3180,0
SAMPLE_29,913,731,0,150,13,4,0,392,2247,0,887,163,0,790,0,358,0,773,924,477,62,0,71,0,1740,1411,2184,1636,0,0,0,0,1447,0,1682,0,0,0,0,0,0,0,0,0,818,3263,0,0,59,129,385,581,977,0,133,107,16007,1334,1438,0,0,0,0,0,0,0,4468,0,289,0,22,0,0,226,1907,0,2225,0,0,15,0,391,762,2031,170,3056,0,0,13,0,0,0,0,0,0,0,0,0,0,0,719,0,0,0,31,48,0,243,0,454,361,3408,0,1387,82,0,78,0,425,1020
SAMPLE_30,0,0,0,0,249,511,0,1312,368,396,885,1090,0,2359,0,0,0,894,2248,1647,187,0,194,0,2425,3548,3072,1691,1396,0,567,0,1213,13,2128,2578,6178,0,0,0,0,2073,0,1202,0,1242,0,0,1995,3635,2074,0,743,0,385,0,3558,227,449,0,128,0,0,314,0,0,104,427,39,716,285,0,0,525,559,24,0,0,0,0,0,0,687,201,0,1065,772,0,0,0,0,0,0,0,0,0,0,0,0,0,0,0,488,698,1999,1081,0,12,0,0,0,0,0,0,0,0,0,0,0,0
SAMPLE_31,0,1742,0,1499,0,2,0,2799,631,908,1842,1019,0,2160,4224,3869,0,0,0,0,0,0,0,0,2893,5678,4457,1380,7,0,69,27,0,0,0,0,37,1940,3922,147,419,2029,0,0,3537,0,0,0,867,0,2077,2017,6707,0,1001,388,25497,2030,1993,0,1182,0,0,0,5799,5078,575,168,181,0,1270,0,0,714,0,0,0,0,897,1099,1794,0,0,0,0,16680,3875,0,18,0,179,874,496,495,1,472,328,489,1685,461,3758,0,0,617,535,1493,426,0,0,0,0,0,0,0,0,0,0,0,0,0
SAMPLE_32,2546,2194,0,444,0,0,0,2736,884,1261,863,851,0,0,0,0,550,2215,0,1167,1799,0,0,0,0,0,0,0,0,0,0,0,57,40,2058,1090,3134,0,0,65,906,353,0,0,114,21,0,0,956,692,980,130,677,0,115,982,11113,846,1281,0,638,18,0,0,1121,992,475,0,14,0,0,0,0,0,0,0,0,0,0,0,0,0,0,0,0,12096,2050,0,878,2430,1231,0,322,0,0,411,882,0,112,0,139,0,0,0,0,0,0,0,0,2425,0,1179,0,728,349,0,219,249,875,2910
SAMPLE_33,580,1600,0,255,29,29,163,275,0,0,0,496,0,0,2328,0,0,6017,1708,929,702,0,880,0,1923,0,569,0,499,0,2231,0,51,0,0,661,0,0,0,0,0,0,0,0,0,0,0,0,0,0,2058,2289,8810,0,1283,808,0,0,0,0,0,0,0,10,11985,12713,409,1694,120,829,957,0,150,0,0,0,0,0,0,0,0,0,1070,0,148,9397,0,0,0,0,0,0,0,0,0,240,598,476,976,458,2798,0,1850,0,931,682,1389,487,0,0,691,0,0,2026,2923,0,2907,2846,831,0
SAMPLE_34,6238,3953,0,1816,0,36,75,0,0,0,34,0,0,0,0,0,0,98,0,0,0,0,378,0,3699,3168,2782,1640,895,0,2467,145,15,325,2716,123,3972,0,0,42,613,271,0,40,455,0,0,0,6,0,48,83,239,0,37,3,0,9,6,0,0,0,0,0,5370,3446,456,1639,125,2506,974,0,138,82,265,12,0,0,0,0,0,0,0,0,0,2898,0,0,0,0,0,0,0,0,0,0,0,0,379,395,1786,0,566,588,390,384,84,42,0,22,1,13,0,26,0,0,0,0,1636,4638
SAMPLE_35,793,2235,0,412,0,109,724,0,0,0,0,0,0,0,1459,2059,0,2290,0,350,16,0,20,0,2563,4111,3287,1696,0,0,0,0,0,0,0,0,0,0,0,0,0,0,0,0,0,0,342,0,852,1144,743,0,0,0,0,0,0,0,0,0,0,970,0,0,3701,3257,910,176,254,0,1853,0,0,0,228,0,0,0,0,0,0,4016,1223,6343,203,8167,3215,0,1027,718,615,0,366,0,0,513,125,351,718,255,2096,0,0,0,2289,1480,919,365,261,372,237,1463,1465,199,47,0,0,0,0,57
SAMPLE_36,1993,809,0,0,0,0,0,0,0,0,0,0,0,0,0,0,0,0,413,0,92,0,32,0,296,134,0,0,0,0,0,0,0,0,0,8,84,1235,2157,165,0,0,0,0,2736,2784,0,0,1765,2644,4628,6276,6676,1543,1952,234,2732,187,378,0,1216,0,0,0,0,0,1157,338,400,0,2791,0,0,0,3386,430,2644,0,230,138,0,0,239,0,0,2785,2363,0,0,0,0,0,0,0,0,638,1479,587,1778,1141,4710,0,375,896,829,1813,0,29,1357,0,30,8,0,32,2697,0,1860,1217,3751,1433
SAMPLE_37,8660,2039,0,0,305,449,3429,0,0,929,0,377,0,0,4012,916,0,0,0,0,446,0,542,0,1774,569,879,311,0,0,0,0,0,0,0,0,0,0,23,4,0,28,0,0,281,1004,0,0,30,22,18,0,0,70,108,0,2307,0,458,0,0,0,836,0,0,0,0,0,11,354,81,0,0,348,65,24,156,382,129,1069,0,0,34,49,0,377,67,489,2209,1524,3049,454,1234,689,0,2358,572,0,435,615,2312,0,195,266,248,529,2236,0,0,0,0,0,0,0,297,0,332,2524,2786,6252
SAMPLE_38,4055,933,254,0,0,0,0,0,3150,0,2712,664,0,2837,2442,1245,0,1508,0,0,2140,0,2745,0,0,4144,0,0,1431,1411,0,0,0,0,0,0,929,1513,0,440,0,1219,0,1038,0,3536,0,0,1197,0,586,0,0,0,0,16,211,0,49,0,376,0,0,0,0,0,0,0,0,0,0,1101,0,17,0,20,0,0,0,0,0,1679,1252,6190,0,3025,1372,0,57,0,96,0,91,91,0,0,0,0,0,0,1418,0,0,0,0,0,0,928,0,1756,1790,2812,427,0,2772,0,5493,1490,1356,4835
SAMPLE_39,612,1345,0,1595,14,0,0,0,0,0,0,0,0,0,0,0,0,535,1503,1859,2356,0,3116,1862,0,0,541,1007,59,0,377,258,144,0,206,32,410,0,0,5,0,2152,0,1905,329,1622,0,0,73,0,748,1598,1305,1820,1162,117,11025,1003,1112,0,11,0,0,0,7658,9456,1062,323,375,0,1692,0,0,0,0,0,0,0,0,0,0,0,0,0,0,0,0,0,0,0,0,0,0,1,0,9,29,428,697,0,666,1221,258,900,210,0,0,214,1099,1223,597,0,0,0,0,109,0,241,1007,0
SAMPLE_40,0,425,0,0,426,548,1447,0,0,330,0,124,0,12,78,0,0,269,76,23,1331,0,1034,0,2010,3362,2185,780,176,0,1082,693,10,0,13,0,156,0,0,2,0,293,0,710,176,689,0,0,0,0,507,0,3624,86,579,74,942,0,63,2124,15,0,0,0,6140,5406,396,94,150,0,219,1020,0,1,884,387,0,0,7,55,431,0,4,26,0,11437,3115,0,649,656,1182,0,0,0,0,0,0,0,0,0,0,0,0,0,0,0,0,0,0,0,0,0,0,0,0,0,0,0,0,0
SAMPLE_41,1990,2153,0,0,0,0,0,0,0,0,0,0,0,0,0,0,0,4644,2764,2704,1522,0,1942,0,2846,4219,2591,844,642,0,400,110,0,34,1264,45,1861,0,0,0,0,0,0,0,0,0,0,0,1382,1255,1385,115,1300,0,251,140,7295,370,491,0,0,0,0,0,6136,4715,214,1044,71,1593,215,0,4,0,229,10,0,764,458,0,0,0,26,3,0,0,0,1234,3977,2547,1579,0,490,0,0,278,631,304,793,0,643,0,0,0,0,0,0,0,1726,0,6,69,0,9,3422,0,2812,1083,2151,1314
SAMPLE_42,0,2985,0,3789,30,147,82,0,627,0,177,15,0,82,0,0,0,3863,2985,1689,3220,0,2451,0,0,500,741,346,2163,0,2824,966,0,1491,0,526,320,0,0,17,0,213,0,0,123,728,0,0,466,522,2472,2500,9153,455,1604,162,16146,870,1080,0,0,0,0,0,0,0,3485,101,394,0,57,0,0,0,0,0,0,0,0,0,0,0,0,0,0,139,0,855,4913,2568,4120,0,1126,787,0,639,170,1114,1948,0,1884,0,0,0,0,0,0,0,12,115,38,92,0,0,0,0,0,0,0,0
SAMPLE_43,0,0,0,0,0,0,0,525,0,322,0,785,0,0,0,0,31,0,1835,1100,0,1177,0,0,2178,4937,2684,1291,149,0,810,468,0,0,0,1625,174,865,0,256,0,1845,0,2301,36,2273,0,0,914,2696,4978,5486,14501,648,2474,298,0,0,4,0,0,806,0,0,0,0,145,0,2,0,0,0,0,0,2180,171,1392,0,161,98,0,983,730,3740,111,223,0,506,2248,1754,1470,760,1442,0,3391,2266,809,437,763,136,1020,0,0,0,1190,422,2147,1402,0,0,0,0,0,0,0,0,0,0,0,0
SAMPLE_44,55,14,0,0,1033,817,0,0,306,649,78,746,0,2028,1149,3303,0,233,0,0,3325,0,2293,0,3362,2971,2034,738,16,0,80,0,686,0,1028,0,1589,0,0,20,670,4080,0,2975,1323,2832,0,0,0,0,0,0,0,0,0,0,0,0,0,0,1213,0,0,0,0,0,4554,0,119,2766,0,0,97,0,1463,0,0,0,4,86,377,0,0,0,0,71,0,44,74,0,550,3005,2182,0,3,2,0,917,2538,0,3111,0,6541,3511,2948,2915,0,0,0,0,0,0,0,0,0,0,0,49,25,65
SAMPLE_45,2881,3886,0,1767,0,0,0,0,0,140,0,339,0,1504,0,328,0,1871,2641,1601,258,0,214,0,0,0,0,0,0,0,0,0,0,0,0,487,0,3779,7615,479,1774,509,0,0,648,0,0,0,0,0,0,0,0,0,0,0,0,0,0,97,0,0,0,0,0,0,842,1644,22,3234,0,3662,0,10,10,2,0,0,0,0,0,0,0,0,0,651,136,508,1184,0,0,0,0,11,389,0,77,0,506,1515,3757,0,822,1131,0,1226,2316,312,0,193,30,130,0,15,0,46,0,133,765,1234
SAMPLE_46,488,238,32,0,238,567,1448,1247,0,931,1297,485,0,93,6,0,0,0,3889,3251,50,0,58,0,1646,2501,2106,0,0,0,0,0,0,0,211,49,0,0,0,0,0,0,0,0,383,218,0,0,516,2943,1001,0,0,0,0,0,0,0,0,122,0,0,0,0,0,0,15,1514,6,2273,0,0,0,519,523,44,0,0,0,0,0,20,0,62,8,14318,5393,0,0,0,846,0,3103,0,331,729,1290,658,1976,295,2215,0,666,2480,768,674,98,44,300,0,2098,2485,0,341,701,0,2560,0,822,368
SAMPLE_47,1355,5434,0,3817,110,257,0,1784,0,265,29,0,0,0,0,0,0,0,0,0,0,0,0,0,0,0,0,0,0,0,2801,217,0,0,1436,34,2212,1230,5609,136,0,0,2017,0,1081,1053,0,0,658,3909,1353,0,605,60,442,77,3385,428,0,0,0,0,0,0,1399,1878,390,0,124,0,847,0,151,0,130,52,443,3862,98,0,0,0,888,4441,557,5736,1115,254,2297,1642,909,0,337,0,0,14,42,559,1472,561,3068,0,41,0,13,22,0,0,69,89,418,3875,0,792,183,0,45,105,436,0
SAMPLE_48,0,0,0,0,0,0,0,0,0,0,0,0,0,0,0,0,0,77,0,0,1449,0,1425,0,1276,4330,1968,0,879,404,330,0,155,3615,0,2432,0,5234,11567,533,1393,1561,0,910,172,2397,0,0,541,1061,3413,916,2057,0,1284,1030,4860,317,702,0,40,0,0,0,0,0,0,0,0,0,1530,0,0,0,339,145,0,0,14,41,0,679,95,519,0,36,0,119,832,1198,2401,0,652,0,0,786,224,399,1162,476,2685,0,0,0,266,756,1498,1250,0,892,949,4594,227,645,25,1008,0,0,0,0
SAMPLE_49,1118,2669,0,2792,42,107,521,0,1678,0,443,145,0,697,1783,2385,0,1329,90,114,2928,0,2645,39,3902,0,1757,2011,6,0,70,20,0,0,0,78,5,6632,9528,293,1987,0,0,0,0,0,0,0,0,0,0,0,0,0,0,0,0,0,0,0,0,131,0,90,16229,14539,116,1861,14,3414,0,0,0,69,1123,481,1935,0,805,1910,0,1664,629,2967,394,2135,0,0,0,0,0,0,0,0,0,0,0,0,0,764,0,0,0,0,107,314,1918,651,0,2843,161,1580,0,242,0,0,0,432,2690,0
SAMPLE_50,2700,1917,747,0,304,0,0,171,2375,0,1507,281,0,1537,2291,3659,0,1021,1450,1677,1121,0,478,0,0,3217,2256,664,197,0,258,0,756,0,1854,1514,0,0,0,0,0,0,0,116,214,1425,0,0,1061,1312,3425,5199,6476,189,1092,103,2336,257,285,0,0,0,0,0,2672,2855,3734,0,86,0,0,0,0,0,77,22,0,0,0,0,0,0,0,0,0,1035,0,0,0,0,0,0,0,0,0,0,0,2,26,8,78,0,0,0,445,1257,545,114,0,172,70,827,1013,130,1408,831,1516,2445,1300,1424
SAMPLE_51,52,203,0,0,33,0,0,74,141,0,64,0,0,0,0,0,0,37,0,0,1125,0,1184,0,0,0,0,0,0,0,0,587,37,0,37,82,0,0,0,0,0,0,0,0,0,0,0,0,387,740,2167,3857,4939,3794,2666,331,0,33,60,0,0,0,0,0,3903,5598,1685,0,0,0,0,2329,0,199,1761,75,0,0,0,0,0,0,0,0,0,2464,354,1465,4089,797,2160,215,2549,0,0,2036,510,1379,2499,584,4248,0,620,1494,976,0,1337,0,0,0,1304,1239,0,0,2504,0,0,1,14,0
SAMPLE_52,643,0,0,0,119,259,675,0,0,356,147,1116,0,537,1039,948,0,0,0,0,0,0,0,0,797,700,968,1688,0,0,0,0,0,0,0,2349,1,1484,3505,305,917,0,0,0,86,0,0,0,0,0,0,0,12231,0,2095,1327,0,0,0,0,553,0,0,0,2020,407,0,0,0,0,0,0,0,48,1169,273,0,0,0,0,0,0,0,2,0,7499,2424,0,0,0,495,1116,1835,148,1151,1138,246,407,1537,576,2455,0,77,22,30,0,0,0,0,0,2,84,120,12,92,0,78,14,0,943
SAMPLE_53,1091,3127,0,2799,324,305,0,1284,1360,0,2230,0,0,0,0,0,0,2241,869,233,1020,0,521,0,4751,2172,2323,726,0,0,0,0,0,0,0,0,0,0,0,0,0,0,0,0,0,0,0,0,0,0,0,0,25,217,109,0,0,175,98,0,0,1192,0,0,5438,4498,1053,503,317,0,213,0,0,295,1457,185,1213,0,265,151,0,0,56,6,0,8968,1671,0,64,19,312,273,818,0,10,474,625,304,867,0,0,0,0,0,180,468,741,662,0,673,251,2809,339,383,2454,3488,2973,4701,1863,0
SAMPLE_54,287,1342,0,0,315,903,3763,4069,0,804,1291,0,0,0,317,0,0,0,1142,0,12,742,0,374,7254,3454,4943,3042,571,0,277,60,334,0,535,0,1141,118,562,56,86,0,0,75,0,0,0,0,771,4172,1327,0,0,52,388,40,0,0,0,32,0,0,0,1,12061,13301,35,0,12,0,66,0,21,0,0,0,0,4247,80,788,0,0,1918,530,0,0,0,0,0,0,972,1557,1381,921,699,1285,583,655,2398,317,2803,0,28,0,85,203,62,0,0,0,0,0,0,0,0,0,0,0,0,0
SAMPLE_55,653,2343,0,265,67,0,0,0,0,10,0,3,0,0,0,0,0,518,1465,1793,1385,0,1504,0,1193,2341,1264,0,155,0,46,0,252,200,976,68,4483,0,0,81,0,1510,0,387,961,1334,0,0,25,23,44,0,20,0,0,267,0,0,0,0,0,0,0,0,0,0,0,0,0,0,0,4559,306,0,1751,92,0,631,281,2602,5288,0,0,0,0,12359,3471,0,0,1546,0,0,0,0,0,0,0,0,0,0,289,0,87,156,140,355,1713,1804,0,1697,330,3784,3769,569,115,0,0,3,0,219
SAMPLE_56,1750,447,0,0,48,106,937,1318,0,944,0,1539,0,3458,2273,3971,0,82,0,10,27,0,0,61,7257,3870,4444,1468,235,0,1065,628,0,793,0,541,0,0,0,4,0,0,0,0,0,0,0,0,0,0,0,0,4572,0,652,70,6631,719,619,0,7,0,0,80,14993,14312,3034,0,264,1829,1526,0,143,0,0,0,0,0,0,0,0,0,0,0,0,0,0,0,0,0,0,0,0,0,30,2036,660,987,1545,0,1238,0,0,0,236,20,0,0,0,0,0,0,0,0,113,521,0,588,1796,1831
SAMPLE_57,0,1848,0,432,0,21,0,0,0,0,391,77,0,238,503,881,0,0,0,95,1648,0,1300,0,0,0,0,0,0,0,0,0,0,423,0,1041,0,0,0,0,0,203,0,0,18,0,0,0,0,0,0,0,0,0,0,0,0,0,0,0,1344,0,0,0,0,0,1507,8102,452,9136,0,0,0,3,1793,346,3152,0,1108,595,0,209,72,371,0,4686,806,174,2428,2661,1418,0,545,0,90,238,66,51,135,57,215,0,0,1403,268,653,0,4,10,47,0,384,382,92,61,3,0,13,61,461
SAMPLE_58,0,0,0,1776,135,429,864,900,0,602,15,271,0,0,2224,0,0,2014,307,360,1358,0,1800,1,781,792,965,1306,32,0,171,0,87,1,1902,0,4059,0,0,34,0,484,0,575,2559,2072,0,0,42,93,318,521,409,9,59,2,0,20,125,0,699,752,0,0,0,0,2176,1671,55,1355,22,0,0,0,0,0,0,0,0,0,0,0,0,0,0,0,0,0,0,0,1755,603,801,344,0,674,315,0,1251,931,3580,0,478,389,2538,2258,1658,0,1188,0,5,55,0,37,0,3520,0,0,0,0
SAMPLE_59,0,0,0,0,0,0,0,0,0,0,0,0,0,0,0,0,1716,907,0,0,1129,0,512,0,2097,5257,2491,762,151,0,48,0,105,1724,0,493,0,0,5,2,0,1214,0,942,14,0,2540,0,737,0,655,0,300,0,56,4,5801,157,0,0,0,0,0,0,1113,1050,1354,445,444,0,955,0,124,0,1420,172,3457,3006,374,1404,3080,0,1211,3464,166,0,0,0,32,0,290,3996,1057,1090,3325,2546,0,0,0,0,0,0,360,582,491,1000,1687,214,0,0,1089,650,0,83,0,0,0,0,0,0
SAMPLE_60,670,2641,0,2196,388,632,2190,0,260,167,74,396,0,1521,779,1619,0,92,0,0,1172,0,1556,0,0,524,605,1400,119,0,534,0,30,0,0,25,65,65,96,3,0,2274,0,1249,579,1336,0,0,379,788,2493,3055,4873,0,0,964,995,28,0,0,0,17,0,0,0,0,3984,0,93,0,0,0,0,0,0,0,0,0,0,0,0,0,0,0,0,0,0,29,88,0,202,1016,617,37,0,829,212,280,655,930,2276,0,0,0,0,0,0,0,0,0,1426,4380,406,747,1525,0,2152,1175,453,0
SAMPLE_61,2987,3122,0,3135,0,0,0,0,0,0,0,0,114,1398,0,809,0,637,1580,0,0,0,0,0,0,0,0,0,0,0,0,0,0,0,0,0,0,0,0,0,0,1210,0,687,0,385,0,0,439,855,2872,2669,10994,0,0,0,14507,974,895,0,0,0,0,0,0,0,0,5356,0,7660,0,0,0,3,60,14,430,42,36,51,0,0,0,0,0,8483,2003,0,726,1589,866,0,239,122,18,217,280,157,437,0,1260,0,201,463,350,792,989,861,0,725,60,392,0,1806,0,114,0,451,2109,0
SAMPLE_62,3675,0,0,0,386,140,0,0,814,0,258,188,0,924,29,0,0,5565,12,88,5992,0,4556,0,0,212,122,120,0,0,0,0,0,0,0,0,0,0,0,0,0,0,0,36,243,1595,0,0,37,0,19,0,62,0,169,12,0,0,0,0,31,0,0,0,126,111,65,0,1,0,0,0,0,0,0,0,0,0,13,5,0,56,64,252,29,1252,244,0,0,0,0,0,0,0,0,0,0,0,0,0,76,0,0,0,860,65,218,479,0,502,0,1465,0,198,1054,0,796,401,990,5423
SAMPLE_63,0,631,0,0,117,249,321,0,1216,0,1800,403,0,96,416,0,0,779,1791,524,367,0,158,0,0,59,53,49,41,0,26,5,0,69,0,0,0,0,0,359,0,4843,0,2776,458,2365,0,0,790,1542,5486,8579,13756,439,2381,325,0,0,0,1970,0,0,0,0,0,0,0,0,0,0,0,56,0,0,1005,0,126,1690,0,387,707,0,10,64,0,3764,613,1329,5929,3735,2848,153,3162,0,2460,1592,412,539,873,0,890,0,128,63,53,36,0,0,1158,0,0,0,0,0,364,912,0,2839,0,0
SAMPLE_64,1183,506,777,0,226,616,0,0,0,70,0,150,0,606,1361,139,0,2043,1582,1441,1976,0,1972,0,1842,1418,2204,1844,1176,0,3472,569,274,0,2432,65,3390,4936,5992,248,0,0,0,0,1375,489,0,0,0,0,0,0,630,0,157,0,3163,0,0,62,0,370,0,0,3944,3422,0,0,0,0,0,0,0,65,0,16,0,24,45,245,105,1785,349,1580,0,8125,0,0,0,0,0,0,0,0,0,0,0,0,0,0,930,0,0,0,0,0,0,401,0,2528,809,7627,1733,2982,50,0,0,48,358,540
SAMPLE_65,97,18,0,0,150,340,2138,0,1004,304,1372,844,0,0,0,0,0,64,161,236,1346,0,834,0,5943,3002,4415,1469,230,0,1383,806,10,0,0,2335,0,4422,5891,159,759,154,0,5,273,0,0,0,553,490,3737,3652,12836,614,2258,253,0,110,478,0,0,0,0,0,0,0,291,352,80,225,497,0,0,3,533,28,0,0,0,0,0,172,0,358,0,6807,2860,0,0,0,0,0,0,0,211,403,597,204,308,146,542,0,0,0,1665,0,0,0,1433,0,0,0,0,0,0,0,0,0,0,145
SAMPLE_66,1405,342,134,0,0,0,0,5231,0,2238,843,2677,0,0,270,0,0,1522,1203,825,861,0,485,0,0,46,0,0,643,0,4101,791,0,0,0,0,0,152,0,12,0,87,0,42,0,0,1244,0,40,0,18,0,0,817,410,0,7419,0,121,1954,0,0,62,0,0,0,0,0,0,0,0,0,0,0,0,0,0,0,0,0,0,0,0,0,0,450,0,444,2694,2119,1325,0,1051,972,27,1413,1710,433,697,83,679,0,50,129,35,44,0,27,518,0,2469,1444,0,233,1512,0,1400,629,1513,699
SAMPLE_67,2148,719,0,0,0,0,0,0,0,0,0,0,0,0,0,0,0,0,0,0,0,0,0,0,0,0,0,0,0,0,0,967,850,0,1299,0,1937,0,0,0,0,2600,0,830,1044,0,0,0,2695,3880,5307,3380,8690,2117,5643,1630,0,0,0,862,0,0,0,0,4,0,1138,2932,369,4190,0,0,39,1,230,89,0,0,644,323,0,0,0,0,0,8261,3415,0,62,174,518,0,147,0,39,57,74,860,2470,316,2712,0,1788,996,793,616,2225,557,0,1992,96,1035,0,1017,1560,319,0,623,2862,1856
SAMPLE_68,0,0,0,0,0,0,0,0,0,0,0,0,0,0,1099,0,0,5389,2232,918,1073,0,454,0,7190,8782,6855,2079,208,0,1320,986,0,0,1425,0,4932,0,0,0,0,0,0,0,0,0,472,0,1558,3017,1746,0,1280,0,195,241,1041,0,117,0,368,659,0,0,4940,4491,1034,1322,308,4822,2570,0,0,0,247,17,0,0,4,27,0,106,0,0,0,0,0,439,1221,989,1381,0,328,578,557,1479,0,169,0,2,48,0,0,0,709,0,0,0,0,0,338,3446,2389,1027,133,2244,267,1422,385,0
SAMPLE_69,0,308,0,0,227,499,2065,0,83,1164,30,1185,0,1638,3226,3313,0,117,182,262,1008,0,0,0,0,0,84,0,557,4268,3415,274,112,0,0,0,0,0,0,0,1189,0,0,0,336,0,0,0,1909,2990,1736,0,1445,0,0,0,0,0,20,0,0,0,37,0,0,0,0,0,0,0,0,824,0,241,685,211,2492,165,286,488,60,0,314,1580,477,773,0,69,0,0,114,925,271,617,0,455,83,630,1052,0,1398,0,2153,1508,1463,1133,987,1075,0,2195,212,1349,0,2227,3657,0,5666,1290,345,2101
SAMPLE_70,4976,1767,0,0,608,1076,4965,0,0,0,0,21,0,0,0,0,0,2572,2553,1329,404,0,180,0,2778,5712,3533,2905,8,0,27,0,1,0,947,0,3540,0,0,0,0,0,0,2,7,41,0,0,41,0,0,3421,0,250,110,8,0,0,0,0,0,0,0,0,0,0,0,0,0,0,2939,0,227,9,3269,761,0,410,0,614,0,0,499,2564,85,0,0,0,0,0,0,0,0,0,0,0,0,0,0,0,0,0,0,2420,880,794,170,66,915,54,31,114,0,1298,4229,0,6275,2225,3912,5852
SAMPLE_71,820,2539,0,2537,0,0,0,0,0,0,0,0,0,0,0,0,0,2439,0,83,1616,0,973,0,0,1370,1150,2298,17,0,35,0,107,1666,506,493,2972,0,0,0,0,924,0,0,0,320,0,0,266,0,159,0,262,0,27,0,6535,401,0,0,0,0,0,509,10296,11710,444,2335,8,4452,0,0,0,5,236,9,0,0,367,199,0,0,35,68,0,0,0,0,0,0,0,0,0,0,0,496,233,603,1185,250,1378,0,0,0,40,0,806,925,0,0,81,974,1234,150,267,0,221,79,240,313
SAMPLE_72,281,1173,0,1361,0,0,1606,0,0,112,25,146,0,538,588,169,0,1115,0,240,1795,0,921,0,92,71,95,36,121,0,336,0,17,140,0,1790,131,0,0,0,0,0,0,388,778,2951,0,0,20,51,187,149,719,0,248,0,1569,167,160,0,0,0,0,0,470,2396,9346,0,550,0,0,0,0,0,2229,147,331,2746,159,677,0,0,534,2727,102,4630,1109,0,1762,3300,2932,0,0,0,0,0,1560,299,682,184,1554,0,51,0,0,0,0,0,0,0,0,0,0,0,0,0,0,0,0,0
SAMPLE_73,367,153,20,0,0,0,288,0,853,0,1314,279,0,8,0,5,0,66,0,0,75,0,78,0,3707,0,1343,263,905,0,351,22,0,27,0,1441,0,0,0,0,0,0,0,0,545,0,0,0,287,2434,0,190,598,66,2829,760,0,0,0,0,0,0,0,0,16940,16328,36,0,0,0,145,0,39,0,0,0,0,0,0,0,0,0,0,0,0,0,0,0,0,0,36,357,129,41,51,133,35,69,186,0,401,928,727,2782,513,636,0,0,0,0,0,101,38,180,3085,0,2551,928,1580,0
SAMPLE_74,0,0,0,0,0,0,0,0,0,520,213,460,0,1089,1969,5346,0,1244,0,0,1865,0,806,0,5089,4313,3958,1282,56,0,384,0,0,2970,0,876,0,0,0,0,0,0,0,0,0,0,0,0,0,192,710,1102,1759,612,713,89,10656,1070,750,0,0,0,1235,0,1,0,0,2125,0,3892,0,0,0,329,0,0,0,0,0,0,0,0,447,1198,128,572,0,8,211,0,819,3508,3054,1776,3078,4506,1726,1533,2791,702,4846,0,1435,5419,1740,3234,1006,211,0,0,303,2529,0,1274,2451,322,0,0,0,0
SAMPLE_75,3265,3203,0,2124,321,345,0,0,0,0,307,68,0,0,0,0,0,1297,2738,3335,48,0,46,0,2381,1515,1608,1110,337,0,2119,265,6,190,214,864,470,0,0,34,0,584,0,795,201,1311,0,0,1149,1729,0,0,0,0,145,27,20222,684,1371,0,823,684,0,0,0,0,3667,1747,84,1479,0,0,0,369,2075,143,0,0,0,0,0,0,0,0,0,0,0,0,0,0,0,0,0,0,0,483,175,0,79,941,0,0,0,0,0,0,0,0,302,0,1369,1610,676,329,277,4311,1082,3157,0,169
SAMPLE_76,0,1324,0,1423,0,68,0,1230,3750,74,2287,849,0,2956,3774,7281,0,0,0,0,0,0,0,0,1878,1697,1166,0,394,0,2486,0,0,0,551,0,2226,742,2538,171,1717,0,0,0,980,758,0,0,709,1211,3790,0,7068,0,2231,756,5114,283,457,0,459,0,0,0,10565,8242,35,0,16,0,0,892,0,53,1958,95,0,38,203,1559,0,0,0,0,9,6142,790,112,2625,3115,1530,0,0,0,0,74,149,397,1505,0,2059,0,0,0,0,0,0,0,0,0,1178,794,0,1447,0,0,0,0,0,0
SAMPLE_77,58,0,25,1976,0,151,0,0,0,793,0,709,0,1641,0,0,0,0,0,0,2715,0,3581,18,1748,3317,1987,446,1359,0,800,0,522,0,551,2271,0,0,0,0,0,0,0,0,2298,0,0,0,148,0,384,838,752,225,1202,139,924,87,223,0,1090,0,0,0,0,0,991,296,330,0,2299,0,0,122,2727,246,7,0,249,0,0,0,0,0,0,6511,888,0,46,0,0,2567,0,0,0,0,0,0,0,1562,2916,0,382,542,495,965,1008,687,0,287,1474,2136,496,774,155,0,110,31,23,0
SAMPLE_78,344,1106,0,0,994,834,0,0,0,0,0,30,0,0,0,0,0,769,1665,1929,0,0,0,0,0,0,0,0,0,0,0,0,0,0,0,0,0,0,806,29,0,1260,0,1764,529,0,0,0,34,79,233,443,360,200,2258,384,0,0,0,0,21,0,0,0,130,0,0,824,278,310,0,0,114,625,0,0,0,0,0,0,0,0,0,0,0,2154,0,0,0,0,250,4005,989,2256,0,1536,387,657,1912,414,2295,0,154,361,257,618,3112,561,0,1582,339,1178,0,154,2947,0,2118,1324,410,0
SAMPLE_79,282,403,0,43,0,236,2656,1006,0,0,0,229,0,727,0,2403,0,1987,2097,592,193,0,159,0,10464,5523,5369,2197,30,0,139,0,1866,0,4836,0,10344,0,0,17,618,1624,0,963,0,713,0,0,0,0,0,0,0,0,39,25,725,0,166,0,1207,0,0,16,0,0,427,0,0,0,0,0,0,0,0,0,0,0,0,0,0,0,176,0,314,469,0,398,2085,2355,1733,0,464,662,2033,1586,0,195,354,0,565,0,0,0,739,1021,1747,1570,0,446,53,0,0,321,8202,0,10813,2833,982,0
SAMPLE_80,2076,0,25,0,167,441,767,0,1447,0,2133,671,0,0,0,0,0,714,91,53,2933,0,2038,0,0,0,0,0,1014,2537,3480,0,0,0,0,0,0,0,0,0,0,0,0,0,0,0,0,0,0,0,0,0,0,0,0,0,0,437,727,0,1563,0,0,0,11158,9493,614,1002,125,428,791,0,135,0,890,386,0,0,18,271,1671,0,212,0,0,742,553,396,0,0,367,2332,1198,1124,4855,4136,1473,1605,3189,600,4806,0,2459,4958,1238,966,0,1242,0,880,102,558,0,717,0,0,1757,515,667,795
SAMPLE_81,2353,587,0,0,125,131,0,0,746,0,297,1049,0,2868,3433,0,0,1050,2579,725,0,0,0,2610,0,1236,1258,295,227,0,1280,757,88,0,0,0,0,0,0,0,0,1598,0,405,211,0,0,0,0,0,0,0,0,0,0,0,0,0,28,0,120,0,0,0,6784,6017,0,0,0,35,0,0,0,328,2720,136,0,0,0,0,1954,488,572,2738,93,120,0,169,1028,1512,1332,0,1179,0,98,45,0,0,0,97,1060,0,0,0,0,0,0,755,2157,0,0,0,0,0,3527,2870,6203,4403,1706,0
SAMPLE_82,3,0,0,0,29,72,998,0,0,551,2267,972,0,0,0,0,0,0,4360,2646,2052,0,2617,0,3421,4628,3177,2426,0,0,0,0,0,0,0,0,0,0,0,0,0,0,0,0,0,0,0,0,0,263,811,1801,1554,50,287,37,8947,245,567,0,0,270,0,0,11723,9392,0,3014,0,3590,0,0,0,0,618,248,0,0,0,0,0,0,0,0,0,2909,2105,0,395,0,771,0,199,0,0,1708,1861,493,742,0,633,0,0,0,0,0,0,1433,0,1426,295,2996,2600,1163,751,0,761,179,31,0
SAMPLE_83,1790,604,1104,0,449,898,1763,83,2795,0,2233,0,0,1873,4272,6738,0,1527,2360,2548,1413,0,1081,21,4030,0,2998,2141,151,0,591,125,1848,0,1562,0,5145,5241,13747,851,0,0,0,0,0,0,0,0,0,0,0,0,0,0,0,0,76,0,0,0,0,963,0,0,0,0,1007,1035,340,720,0,0,0,287,0,0,0,0,139,1463,0,0,0,0,0,1020,147,344,1400,2126,2757,0,772,73,0,402,585,369,679,0,0,0,0,0,0,0,0,0,0,0,21,8,0,0,3754,0,3275,0,482,0
SAMPLE_84,697,301,0,0,378,627,1489,0,323,0,416,0,0,0,0,0,0,2758,0,87,0,0,21,0,0,0,87,0,462,0,1237,0,156,2304,180,727,389,0,0,0,0,77,0,131,276,0,0,0,0,0,0,0,0,0,0,0,0,0,0,0,0,0,0,0,0,0,0,0,0,0,0,0,0,0,217,21,0,0,810,2060,526,0,0,0,0,3605,0,0,69,36,61,180,76,152,0,964,236,327,995,0,831,0,350,774,652,1521,786,631,0,563,645,3003,1531,2754,23,0,0,1132,2674,0
SAMPLE_85,0,0,0,0,0,459,1895,0,3212,0,2091,245,0,1180,0,0,0,115,102,105,0,29,0,0,4000,1757,1953,601,447,0,2871,196,1137,0,2246,0,5928,0,0,141,0,0,34,0,691,447,0,0,419,850,2714,5424,3904,2997,2023,278,6066,717,614,0,74,0,0,0,2233,0,0,36,0,52,0,0,0,344,1199,182,0,1152,36,368,154,0,0,0,0,266,0,510,3057,1934,1440,0,408,0,2128,1371,0,668,2022,966,3131,0,0,0,0,0,0,0,0,0,0,0,0,0,0,0,0,0,0,0
SAMPLE_86,716,3210,0,774,27,17,0,1177,0,326,1349,482,0,699,1424,2460,0,2637,0,0,2010,0,1939,0,0,130,70,32,119,0,454,327,110,0,219,0,314,0,0,4,0,426,0,224,20,174,0,0,1238,4066,4095,748,0,1592,0,0,6666,710,585,0,0,27,0,0,4219,6019,2493,0,70,2333,0,0,0,9,0,0,353,539,149,1358,187,2404,1614,5788,151,1917,1269,0,262,0,49,0,49,69,37,353,715,0,0,0,0,0,0,0,0,0,0,0,0,0,0,0,0,0,0,0,0,0,0,0
SAMPLE_87,32,13,11,0,672,916,1835,0,1474,0,2319,81,0,319,0,0,0,3527,1333,1703,1234,0,547,0,2136,3674,2110,680,0,0,0,0,20,1354,0,2019,0,0,0,0,0,1,40,0,257,0,0,0,0,0,0,0,0,0,51,0,73,0,0,28,0,0,0,0,6127,5397,0,208,245,0,1721,0,218,0,0,0,0,0,0,0,0,0,1040,1537,390,0,0,0,0,0,0,3208,2390,0,5,780,213,482,896,150,1326,0,0,0,1796,0,0,651,87,0,181,1882,1583,518,1,0,0,12,48,22
SAMPLE_88,0,0,0,0,0,0,0,0,0,0,0,398,0,0,0,0,0,4099,3849,4237,0,0,0,0,0,0,0,0,0,0,0,0,0,0,0,72,0,6776,5772,262,902,1436,0,1934,668,2123,0,0,331,649,2047,3528,2799,0,413,45,0,0,111,0,1171,8,0,0,14978,12215,2462,0,49,0,0,0,0,463,964,305,5214,1393,440,1342,3790,0,315,1601,52,4796,0,0,918,597,1253,864,3042,0,22,15,1,555,2070,0,1970,0,1309,3332,788,877,855,270,1901,189,0,0,0,0,0,0,0,0,0,0
SAMPLE_89,470,144,0,0,72,126,0,3963,0,374,420,660,0,1519,0,604,0,1379,3439,2630,142,0,157,0,499,0,655,1612,21,0,9,0,23,5,0,0,0,0,0,0,635,419,0,266,1985,4788,0,0,335,677,2226,2755,5700,1671,1751,209,2213,0,0,0,0,0,0,64,0,0,2612,1216,489,0,257,0,19,0,0,0,0,0,0,0,0,0,0,0,0,0,0,0,0,0,328,880,994,334,0,250,0,21,0,167,1412,0,310,0,1990,8,0,345,0,1801,1271,1856,0,527,0,22,0,61,216,641
SAMPLE_90,2058,2520,0,0,0,0,0,0,0,0,0,0,0,0,0,0,0,0,0,0,0,0,0,0,6467,2711,4010,1085,2,0,17,0,516,297,2141,96,3073,0,1139,395,1678,1318,0,1511,0,1036,0,0,305,499,1848,3639,2804,0,0,0,0,0,44,0,586,0,0,0,8295,12313,795,110,141,0,60,0,0,131,17,0,0,0,0,0,0,32,57,266,0,408,0,207,1217,1033,813,0,1006,0,384,330,181,0,51,0,143,0,1671,919,720,613,722,992,0,963,0,3498,0,1905,27,0,0,86,582,1973
SAMPLE_91,5470,3519,0,496,0,0,0,0,0,0,0,0,0,0,0,0,0,0,5120,3567,1278,0,1684,0,0,467,561,1353,0,0,127,11,12,0,0,164,0,0,0,0,0,0,0,0,116,71,0,0,1157,0,1123,1000,1611,260,2610,535,12148,687,1091,0,787,21,0,0,0,0,1590,4026,490,1534,1574,0,313,0,47,8,0,0,400,193,0,0,213,1224,379,0,0,139,842,0,0,0,911,1361,3,1988,1195,0,471,0,380,0,0,0,1819,452,1359,1165,0,0,174,1538,1982,275,0,3614,343,2516,2023,1519
SAMPLE_92,323,1015,0,0,326,449,1760,767,0,0,1470,0,0,0,0,0,0,290,510,663,1137,0,1424,1,783,1183,960,1050,28,0,145,0,1037,0,1800,635,2662,0,0,0,0,0,0,0,0,0,0,2861,0,0,0,0,0,0,0,0,0,0,0,0,311,0,0,0,1212,0,1271,1756,31,3416,0,0,0,0,0,0,0,0,0,0,0,0,0,0,0,0,0,0,0,0,428,3833,1022,1212,419,1557,1046,980,3227,503,4489,0,536,612,2595,1055,0,2,167,0,1354,791,0,156,7162,0,7461,1809,505,0
SAMPLE_93,1915,6839,0,1548,0,0,0,5027,0,1072,480,444,0,0,178,0,0,1574,4208,3248,96,0,81,0,0,3526,1944,1882,376,0,146,6,244,43,738,28,2732,2713,4991,560,0,2246,0,1071,0,0,0,0,0,0,0,0,0,0,0,0,0,0,0,37,0,0,0,0,0,0,190,32,28,0,164,0,0,348,108,23,0,0,1,26,0,0,1730,0,0,0,0,0,0,0,3590,0,931,0,0,46,0,758,1359,269,1449,0,2639,0,922,169,0,862,0,1608,104,960,20,253,0,6322,587,5390,1971,0
SAMPLE_94,1761,4808,0,2321,0,45,0,0,4513,0,2575,268,0,307,0,0,0,744,2195,2657,524,0,234,0,1348,3633,1767,687,0,0,0,0,0,0,0,0,0,0,0,0,0,0,0,0,560,330,0,0,175,0,1807,3656,2790,0,372,869,19838,757,1171,0,0,0,0,0,0,0,0,0,0,0,0,753,0,13,705,291,0,0,31,207,0,0,0,0,0,3495,1469,0,0,0,335,1679,1149,1057,0,801,205,1102,2885,0,2421,0,116,651,444,937,1751,1530,0,2412,110,1287,0,165,0,227,0,562,892,729
SAMPLE_95,1124,2057,0,0,0,0,0,0,0,0,1436,648,0,774,5363,2050,0,1678,0,0,63,0,60,0,343,585,331,156,58,0,8,0,15,0,70,0,99,0,0,380,0,0,0,0,0,0,0,0,0,195,874,2128,1534,163,1580,1284,0,0,0,21,0,517,0,0,0,0,0,1442,0,2104,0,0,0,9,282,18,0,0,336,186,0,0,2288,1146,97,5310,3406,0,1,0,510,2111,897,0,0,57,93,0,0,202,0,0,0,0,324,880,1274,1181,0,960,41,485,9,114,27,0,0,0,3020,0
SAMPLE_96,8642,4583,0,0,221,382,789,290,0,240,2,1004,0,47,0,0,0,1016,886,3406,1695,0,1606,0,0,681,898,0,149,0,0,137,1293,0,1327,0,2763,1948,4010,424,0,1879,0,0,468,0,0,0,187,0,1726,395,5982,0,857,89,7153,644,425,0,0,0,0,0,0,0,1472,5058,435,4530,0,125,0,0,0,0,0,0,0,0,0,0,0,0,0,0,0,0,0,0,0,0,0,0,0,0,0,0,0,0,1432,0,48,0,914,0,0,28,0,97,6,75,0,18,994,1514,1175,3795,3163,3099
SAMPLE_97,0,2139,0,0,310,145,0,0,0,87,0,29,0,1,31,0,0,1984,1539,1995,0,0,0,0,0,0,0,0,0,0,0,0,0,0,1650,27,2324,1588,6041,152,481,1936,0,1082,0,797,0,0,0,0,3502,2157,6658,298,3437,906,4072,435,281,0,0,0,0,0,4080,3467,0,0,0,0,0,66,0,0,553,164,3091,3508,368,1227,1121,0,0,0,0,6175,2093,0,0,497,390,779,336,593,0,442,121,89,164,141,373,0,1014,0,373,0,0,7,1652,0,64,141,0,15,63,26,71,41,11,0
SAMPLE_98,0,44,0,0,0,0,0,0,0,0,0,0,0,0,0,0,0,0,0,221,18,0,9,0,5883,5011,5091,1745,711,0,2407,0,28,0,165,5,866,4950,8278,556,1105,1436,0,872,0,1355,0,0,13,31,86,59,220,0,31,61,0,0,25,0,0,847,0,0,587,0,68,1685,1,0,0,0,0,41,557,238,0,2505,0,569,0,0,0,0,0,0,2040,0,263,685,2750,0,2674,381,0,547,187,186,337,60,569,0,0,0,446,1195,3875,1105,0,911,50,534,0,1258,67,1920,0,1428,2250,0
SAMPLE_99,0,0,0,0,0,0,0,0,0,0,0,0,0,0,0,0,0,0,387,439,3864,0,3797,0,0,5048,2478,872,751,0,1310,742,0,485,1372,188,2823,0,0,170,0,1959,0,995,651,1107,0,0,613,1246,3796,2396,8505,0,1796,231,6238,563,0,0,0,0,0,1,0,0,0,0,0,0,0,0,0,0,1086,433,4367,3959,0,1101,663,0,1129,343,0,3691,1916,0,135,0,0,1446,352,366,23,759,373,449,1631,271,2258,0,634,688,654,467,1497,249,0,243,24,300,220,52,0,0,0,0,0,0
SAMPLE_100,604,422,0,0,0,0,0,0,0,0,0,0,65,0,1106,2868,0,0,1340,0,0,0,0,0,0,0,0,0,0,0,426,188,0,384,0,149,81,0,0,1,0,959,0,376,675,819,0,0,604,2493,2552,1240,7105,0,1040,116,0,0,92,0,960,11,0,0,0,0,2839,0,0,0,499,0,0,23,55,2,0,3273,56,553,0,0,1534,569,0,11404,3750,0,1,0,199,0,47,0,225,1713,526,176,0,580,1072,0,0,0,542,1182,1389,1069,0,0,0,0,0,493,822,0,3369,2038,0,0
SAMPLE_101,109,49,0,0,412,952,2548,0,0,452,0,485,0,1751,500,1124,0,1266,2678,3263,2458,0,2080,112,0,2583,910,0,0,0,0,0,37,0,1735,31,5685,0,0,60,988,921,0,191,1900,1700,0,0,0,0,0,0,108,0,76,7,6858,395,900,0,0,0,0,27,9416,8436,847,0,286,0,1789,0,0,0,27,12,79,0,626,2394,2038,791,636,3290,110,78,0,265,1478,2350,1146,0,0,0,0,0,0,266,481,0,916,0,0,0,0,0,0,0,0,0,0,0,0,0,1185,0,3504,856,230,0
SAMPLE_102,0,0,0,0,0,0,0,0,0,0,0,0,0,0,0,0,0,0,58,75,0,8,0,12,3173,6611,3413,1066,244,0,617,354,0,0,0,1667,101,0,0,0,0,618,0,309,0,0,0,0,211,0,1739,3766,2690,101,488,104,487,172,470,0,884,0,0,0,14630,15033,2115,0,72,0,0,0,154,0,385,183,0,0,15,0,0,2929,1541,4178,122,6252,964,0,82,176,313,210,704,0,986,1125,484,202,323,39,301,0,0,1142,224,561,1717,279,0,0,151,0,0,0,0,0,0,0,0,0
SAMPLE_103,2305,5809,0,6707,0,185,94,0,1087,0,1661,0,0,0,129,0,0,0,0,0,677,0,334,0,5508,1892,2708,761,112,0,87,10,12,0,0,22,6,97,0,0,0,0,0,0,475,454,0,0,2187,3448,0,0,0,0,0,0,0,0,0,0,0,0,0,0,0,0,0,0,0,0,0,0,0,283,67,24,13,0,26,176,0,1933,2839,2780,0,255,0,175,1161,2474,1626,742,727,0,204,228,192,397,1448,204,1857,0,473,965,821,1834,0,427,0,2010,775,1500,0,170,425,0,245,215,683,1457
SAMPLE_104,4621,4067,0,2900,210,536,1252,0,31,78,50,182,0,808,1820,2217,0,3175,4218,3045,1144,0,1096,0,0,1608,1275,1238,0,0,0,0,0,0,0,0,0,0,0,0,0,0,0,0,0,0,0,0,0,0,0,871,4272,0,1826,192,8215,379,1162,0,0,135,0,0,6408,7511,1016,2148,26,2305,0,0,0,636,0,8,0,0,0,0,0,1417,1146,5464,476,2429,0,0,12,0,1405,1584,1514,849,0,888,241,498,0,0,962,0,176,141,110,151,26,19,0,34,73,558,16,74,3492,0,3171,1655,1679,1653
SAMPLE_105,1250,0,0,0,0,0,0,0,0,0,0,0,0,0,0,0,0,0,0,0,0,0,0,0,479,1239,576,0,422,0,2479,179,187,362,0,635,0,231,1524,0,2789,0,0,0,0,0,0,0,377,303,388,87,445,0,1572,861,0,0,0,486,3,0,27,0,0,0,4595,4396,121,4708,0,0,0,0,0,0,0,0,19,36,0,0,219,544,9,5041,335,0,0,0,109,1729,445,1405,0,2256,894,605,1533,1451,3364,0,336,345,1524,1577,5683,3250,0,3765,1346,5451,3246,806,0,3743,546,3798,2085,195
SAMPLE_106,1110,0,312,0,43,99,0,0,2384,158,1068,979,0,1288,1490,822,0,2928,1938,2348,1313,0,1159,0,2588,1630,1938,756,0,0,713,176,0,382,0,1977,0,0,0,0,0,0,0,0,0,0,0,0,0,0,0,0,0,0,0,0,0,0,32,0,0,806,0,0,212,252,529,126,140,0,899,0,165,0,1212,193,0,0,0,0,0,802,647,3012,101,106,0,570,2821,2446,0,355,100,131,0,822,1686,0,0,0,972,0,0,0,2195,0,0,56,0,0,0,0,0,3,0,2370,147,1417,586,0
SAMPLE_107,2218,520,0,0,272,101,0,0,479,0,0,24,0,0,47,0,0,2946,0,876,0,0,0,0,0,13,33,11,127,0,710,73,46,0,0,0,1137,0,0,0,0,6675,0,3467,0,0,0,0,0,0,0,0,332,0,128,404,9059,947,805,0,0,1424,0,0,8153,4691,2078,4284,343,4759,2294,0,0,0,621,187,0,0,195,91,0,0,0,0,0,0,0,0,0,0,578,2924,1970,57,0,658,799,0,0,0,0,0,0,0,0,0,0,0,0,0,0,0,0,0,2705,0,2822,1418,859,0
SAMPLE_108,1636,2971,0,0,121,75,0,0,0,400,145,1031,0,1017,3528,1512,0,234,5,40,3078,0,2677,0,3057,2781,1862,727,0,0,0,0,805,568,0,176,43,5684,8471,423,1709,1319,0,699,0,0,1527,0,1728,1160,2136,1059,4128,143,759,108,9834,1084,889,0,0,0,0,0,7523,7420,1295,342,404,0,2918,0,0,0,0,0,0,0,0,0,0,0,0,0,0,0,1586,0,12,0,1,155,0,0,0,0,0,0,0,0,0,0,0,0,0,0,0,0,453,0,0,0,0,0,369,0,1169,404,601,482
SAMPLE_109,274,85,0,0,0,0,0,328,2816,0,1857,1,0,6,0,0,0,4473,160,290,0,0,0,0,0,3170,1075,401,0,0,0,0,157,1925,0,1486,0,0,0,0,0,0,0,0,1285,0,0,0,1137,3029,5512,1824,7184,0,0,11,11891,624,763,0,964,0,0,0,82,0,0,0,0,0,0,0,0,51,314,144,0,0,0,0,0,491,397,1864,0,2510,360,166,0,0,0,0,0,0,0,10,21,520,1309,492,2510,0,0,0,0,0,0,313,1263,273,0,219,0,21,0,10,0,38,169,0
SAMPLE_110,0,0,0,0,0,0,0,0,217,0,125,42,0,162,96,153,0,88,217,232,0,0,1,71,859,912,1133,1422,591,0,3844,695,0,0,632,0,3996,0,0,0,0,898,0,516,1282,2781,0,0,174,0,1263,1612,5000,388,949,107,16217,1754,1514,0,463,135,0,0,11374,13020,2402,2767,702,531,2415,0,378,0,1016,410,0,0,73,569,306,1409,0,1497,0,4489,0,0,0,0,0,0,0,0,0,0,1363,698,1812,502,3560,0,0,0,1192,0,0,37,303,0,3204,0,0,0,0,0,0,0,0,0
SAMPLE_111,0,0,0,0,55,103,0,42,697,0,1086,64,0,0,0,0,0,2489,1411,473,0,0,6,19,0,64,53,0,209,0,968,622,1,0,0,831,322,0,1426,126,1021,562,0,231,393,0,0,0,643,759,1972,0,3995,0,653,78,56,153,0,0,0,0,0,23,0,0,1628,3005,33,7300,0,0,0,225,844,34,0,392,168,1750,4347,2584,992,4921,167,6384,5067,0,0,611,866,2731,1008,74,0,1224,2566,800,1825,199,1772,0,0,0,0,0,0,0,0,0,0,0,0,0,0,0,0,0,0,0
SAMPLE_112,1579,403,630,0,1103,1796,7130,0,0,694,0,951,0,2150,4103,4511,0,0,2316,2871,0,0,0,512,0,5087,0,248,0,0,0,0,0,0,0,205,0,0,0,476,2141,431,0,0,1145,0,0,0,0,0,0,0,0,0,0,0,0,3,1,1695,0,0,0,0,0,0,3122,1236,1076,0,3327,0,0,0,1482,686,0,0,4,50,0,574,311,1444,295,2612,1559,0,2,8,68,0,62,0,0,1075,1021,1313,3641,632,6020,0,444,1371,0,1850,0,617,408,462,28,413,0,136,0,183,0,1006,3922,0
SAMPLE_113,3162,3318,0,2996,0,87,0,0,2313,0,1549,0,0,0,101,0,0,2388,1896,1305,0,0,0,0,0,0,0,141,0,0,0,0,1050,0,1519,37,3050,7425,14923,559,1452,2798,0,1010,234,1390,0,0,435,778,2320,3248,7355,1453,2042,938,0,0,0,0,0,0,0,0,0,0,0,0,311,3280,2113,0,262,36,0,0,0,0,596,316,0,0,12,79,0,389,0,0,0,1652,1392,0,379,0,0,203,478,123,235,61,372,0,0,0,32,0,834,1090,0,0,593,341,0,47,0,0,0,0,0,4050
SAMPLE_114,2887,1761,0,0,12,12,0,0,1237,132,398,327,0,1098,0,0,236,0,74,153,1243,0,716,0,948,2546,1326,0,20,1803,6,0,0,314,0,1316,435,3394,6076,230,482,1248,0,526,0,0,0,0,0,0,0,0,0,0,0,0,0,0,0,0,0,0,0,0,0,0,1576,718,283,468,2047,0,0,0,143,37,741,1645,65,380,0,457,93,449,0,3452,524,0,563,295,297,297,332,0,0,0,0,0,0,0,0,0,11,0,52,0,0,0,0,0,899,0,0,51,2221,192,2243,3184,2748,2279
SAMPLE_115,3164,1290,0,662,0,0,0,63,346,0,1168,4,0,0,45,0,0,526,1459,768,0,0,0,0,4266,4299,4057,1723,667,0,3527,308,1,216,1329,0,4101,0,0,0,0,531,0,1115,0,866,0,0,535,883,3064,2412,3634,1829,1471,169,0,0,0,767,0,0,0,0,3429,3444,2875,1500,61,3010,0,0,6,0,1218,152,0,0,0,30,62,274,249,1301,0,0,0,0,0,0,0,0,0,0,0,0,0,0,0,0,0,0,0,0,0,0,1878,778,0,0,321,172,0,25,0,0,0,0,827,1083
SAMPLE_116,83,187,0,50,0,17,0,781,2393,191,924,777,0,1429,0,872,0,786,1885,2337,0,0,0,0,69,0,82,5,304,0,1918,140,0,0,961,931,0,0,0,0,0,0,0,0,818,788,0,0,116,0,854,976,3505,0,822,119,0,0,0,0,0,0,0,0,2920,7049,1467,227,336,0,2015,179,0,6,575,0,0,0,0,0,0,0,0,0,0,5755,1737,0,72,0,0,2207,0,1875,0,3551,963,1130,3304,687,5672,0,0,0,579,139,93,282,0,337,172,1762,2074,303,444,0,427,104,48,6
SAMPLE_117,3661,930,0,0,614,342,1357,0,0,0,76,806,0,17,0,0,0,2334,535,0,0,0,0,0,0,0,0,0,2,0,55,22,1009,0,1489,0,2238,2406,8843,250,924,0,0,0,1145,752,0,0,0,0,0,0,0,0,2785,1135,0,0,0,723,0,0,0,0,5569,5303,2179,0,699,0,1378,3316,398,53,2168,0,0,0,0,78,0,16,3,34,1,10054,1561,0,0,0,0,0,0,0,0,0,0,0,0,0,1319,0,2383,0,771,0,0,328,0,2479,175,1506,83,186,5452,0,5008,2138,4127,3558
SAMPLE_118,0,0,0,0,0,0,0,1806,4086,0,2171,0,0,0,1273,2503,0,124,212,250,1138,0,1332,0,1340,1901,1679,826,1769,0,2609,186,0,406,0,814,1501,2994,3727,0,981,219,0,60,271,363,0,0,550,1245,3804,5658,10635,0,1523,1240,0,0,6,0,0,0,0,0,11821,8064,3836,150,414,0,710,0,0,5,555,190,0,1523,70,462,175,0,0,0,0,0,0,0,0,0,0,0,0,0,0,0,0,392,1412,259,2061,0,0,0,31,4,22,0,556,247,0,1911,1775,2588,1217,0,3331,797,0,0
SAMPLE_119,4670,2323,0,1643,0,0,0,0,0,0,0,0,0,0,0,0,0,0,0,0,0,0,0,0,0,0,0,0,0,0,1078,0,224,0,3154,237,6286,0,0,47,1024,367,0,0,1740,1620,0,0,628,478,614,103,343,2,63,14,0,202,363,0,0,0,35,23,0,0,0,18,0,0,662,0,0,117,33,6,0,0,89,76,0,935,715,3417,107,146,0,0,1306,494,652,1070,0,1158,4496,4496,1533,1143,2229,958,3737,0,430,971,251,243,341,369,0,1504,2151,3637,983,677,37,227,0,335,1325,2024
SAMPLE_120,0,0,178,0,0,49,716,0,0,133,29,321,0,1344,0,0,0,4529,4618,3524,944,0,509,0,8159,3603,3936,1336,0,0,0,0,0,0,0,0,0,0,0,0,0,0,0,0,1663,0,1191,0,79,293,0,1914,4772,0,0,0,0,0,0,0,0,0,0,0,0,0,642,2089,144,3439,838,0,161,8,657,129,0,0,152,1270,532,0,0,0,0,935,0,1201,5804,4233,2966,321,1267,0,181,315,187,126,368,0,1746,0,0,278,0,519,780,333,0,0,151,350,62,53,4870,0,4546,1061,242,0
SAMPLE_121,2315,2366,0,0,0,0,0,0,0,0,0,0,0,0,0,0,0,0,2205,716,12,0,0,0,0,0,486,1200,0,0,0,0,0,3868,0,1311,0,0,0,30,0,2271,0,1220,0,0,0,0,1413,846,1228,176,855,0,0,0,0,136,119,0,0,1343,44,0,0,0,1317,2769,371,3551,154,0,0,143,732,308,1912,0,278,786,2538,0,0,0,0,4498,2450,0,61,0,172,2262,615,62,0,841,399,0,605,905,2855,0,3290,2211,1756,1924,716,413,288,0,2075,1209,0,161,119,888,0,2589,1236,1651
SAMPLE_122,1063,2211,0,2118,111,58,0,385,2498,523,1805,794,0,1810,0,1833,0,50,0,0,1953,0,1295,0,2321,763,0,0,0,0,0,0,0,0,0,0,0,0,0,0,0,0,0,0,0,0,0,0,0,0,0,0,0,0,0,519,404,385,0,0,632,0,0,590,17964,19356,136,2621,46,3976,0,0,0,197,2476,257,792,1497,283,634,0,0,0,2,0,556,0,264,1701,2332,1336,0,845,0,1960,1456,702,673,1255,778,2643,0,86,94,114,132,616,802,0,0,27,13,0,303,265,1829,0,1042,806,250
SAMPLE_123,430,1754,0,0,142,158,0,186,3576,0,2409,0,0,0,0,0,0,873,405,694,0,0,0,0,0,0,0,0,0,2448,12,7,11,40,381,83,2780,3732,8532,653,2627,501,0,0,2264,2080,0,0,2996,2420,2857,616,1879,235,3329,971,0,0,0,0,14,0,0,9,3186,2669,0,2498,0,1034,0,0,9,0,0,0,0,0,0,0,0,0,0,0,0,0,0,0,0,0,0,0,0,0,2164,1488,551,639,1217,385,2265,0,0,0,52,125,466,388,0,0,2338,4094,0,861,164,3201,439,1934,587,0
SAMPLE_124,422,1113,0,1159,0,284,0,0,3059,0,1891,159,0,662,2121,825,0,2965,213,254,1896,0,2274,0,2321,2513,2567,2962,927,0,410,0,0,0,0,0,31,689,698,7,0,961,0,1426,1466,5560,0,0,2439,2375,4911,2632,10818,2483,0,0,0,0,0,0,883,0,516,811,0,0,0,0,0,0,0,0,0,0,0,0,0,0,0,0,0,0,0,0,0,7331,0,0,0,0,1255,0,0,202,0,1570,433,513,1504,869,3792,0,0,0,5,10,73,39,0,55,76,532,559,102,54,1025,0,3230,950,0
SAMPLE_125,1849,910,0,0,0,178,442,0,0,225,166,733,2854,0,1488,1023,0,4,19,27,1001,0,1266,0,63,3134,0,0,915,0,5580,234,159,2260,0,2156,0,0,0,0,0,2380,0,1057,874,0,0,0,0,0,0,0,252,0,2526,1165,6534,683,645,0,0,0,0,0,0,0,0,3271,0,4562,2745,0,53,243,240,100,0,0,0,0,0,257,254,1102,276,58,0,0,0,0,0,0,0,0,0,0,0,0,0,0,1799,0,0,0,0,0,0,1526,703,111,358,3636,66,555,0,4432,0,2699,2283,1174
SAMPLE_126,6820,5379,0,2346,391,653,2398,0,0,0,0,0,0,0,53,0,0,474,1157,0,18,0,0,0,0,0,0,0,0,0,0,0,29,319,0,290,4711,0,0,9,0,2184,0,1155,184,863,0,0,3084,2260,3384,2235,3036,621,1473,1121,0,100,587,0,0,0,3242,0,0,0,109,1075,14,2766,138,0,0,0,1092,0,0,0,141,1207,695,0,0,283,89,437,0,0,0,0,0,0,0,0,0,0,0,3,12,12,79,0,502,1045,891,1897,1974,1014,0,667,0,537,45,84,0,659,0,950,3389,2577
SAMPLE_127,0,467,0,0,0,0,0,0,0,0,0,0,0,0,0,0,0,0,0,0,0,0,0,0,4303,1675,2383,1260,292,0,1747,1028,1202,361,2032,136,5325,1480,4657,461,855,2675,0,2403,1094,1691,0,0,569,2351,1115,0,1350,0,184,598,21166,1188,1388,0,0,0,0,0,2299,2147,0,1352,0,2548,351,0,0,0,65,28,1169,289,130,539,140,0,0,0,0,4456,1167,0,74,118,654,485,1759,0,172,183,134,64,142,50,478,0,460,40,0,626,793,502,0,697,447,4160,0,600,632,0,480,0,0,0
SAMPLE_128,1000,1499,0,0,184,399,1024,0,67,0,114,0,1,0,1916,0,0,1439,2387,3061,10,0,15,0,0,347,413,358,210,0,1202,0,135,0,84,760,0,0,0,0,0,0,50,0,0,0,2242,0,377,563,1600,1390,5721,50,0,8,0,0,0,0,0,994,0,0,0,612,129,10,23,0,0,0,0,0,0,0,0,0,0,0,0,0,0,0,0,831,0,69,223,0,0,0,0,0,0,0,0,0,0,0,0,0,0,0,1268,521,0,1003,164,854,90,496,0,2160,1175,750,3841,4001,1209,0
SAMPLE_129,0,0,0,0,0,0,0,0,0,0,0,0,0,0,0,0,0,3556,3526,3040,48,0,52,56,1560,4290,2146,947,24,0,131,1,1414,61,2405,363,3613,0,492,42,0,654,0,1221,1126,906,0,0,1943,2468,3377,2171,3080,1962,2544,1476,0,0,0,0,0,0,106,0,0,0,116,2288,18,4017,0,0,0,78,5,2,0,0,0,0,0,0,540,2697,325,609,0,118,316,0,220,1018,815,1883,27,3382,3012,1145,2517,169,3744,0,0,0,0,0,0,0,0,248,255,2410,2339,2367,0,3186,0,0,0,0
SAMPLE_130,3005,6124,0,5123,58,27,0,0,0,0,0,0,0,0,0,0,0,0,0,23,1642,0,664,0,2061,1813,2008,0,186,0,1204,787,201,0,1304,0,2027,615,2244,162,0,23,577,0,240,0,0,0,295,431,1647,1509,5949,0,1797,244,0,0,0,24,0,0,0,0,0,0,0,0,0,0,0,0,0,0,0,0,0,0,0,0,0,3356,1766,3667,107,83,0,58,431,554,1466,0,785,216,0,1148,1505,430,907,166,1726,0,3000,5174,1669,2178,0,204,0,1084,94,601,0,679,525,0,357,245,857,2465
SAMPLE_131,0,1393,0,0,0,0,0,0,0,0,0,0,0,0,0,0,0,0,0,0,0,0,0,0,0,0,624,1092,0,2012,0,534,0,0,0,112,0,8439,20316,970,1766,0,0,0,0,0,0,0,1235,844,909,0,984,1278,789,89,0,0,2,0,0,321,0,0,2645,1274,1436,2157,446,2338,1923,0,0,0,2156,137,0,142,0,1371,0,0,160,802,281,1036,387,0,491,1536,1296,0,1939,0,193,1112,400,321,993,178,1093,0,230,673,193,162,172,169,0,287,285,2303,2411,991,0,0,0,0,0,0
SAMPLE_132,0,0,0,0,0,0,0,0,0,0,0,0,0,0,0,0,0,0,0,0,0,0,0,0,231,442,262,81,289,0,1854,163,141,0,2926,0,5136,0,0,13,286,459,0,0,3144,3742,0,0,1799,1219,1576,263,1118,0,808,108,13435,634,837,0,0,0,0,998,0,1230,0,2353,0,4150,0,0,0,37,72,29,1049,1014,875,900,0,0,33,140,0,8340,1345,0,78,275,128,0,43,0,32,1428,694,1136,2339,1574,6505,0,0,0,115,349,926,926,0,183,3381,4435,1470,590,39,44,0,52,0,409
SAMPLE_133,23,101,0,0,86,225,3084,0,0,0,2174,196,0,485,960,1837,0,1443,2304,2173,2469,0,2071,0,2306,3041,3011,2301,986,0,3755,424,272,0,335,54,1551,0,0,0,0,0,0,0,983,523,0,0,169,0,870,0,5257,0,725,1347,0,0,0,0,0,0,0,0,0,0,0,0,0,0,0,0,0,0,0,0,0,0,0,0,0,0,0,0,0,0,0,0,0,0,0,365,0,362,36,1803,2033,1651,3330,482,3790,0,0,4777,377,1112,746,395,0,1968,928,4757,1941,650,2153,103,0,68,30,0
SAMPLE_134,0,2925,0,0,589,314,0,0,3794,0,2166,71,0,167,1694,749,0,366,196,0,0,0,0,0,2653,1096,0,171,0,0,0,0,0,0,0,0,0,0,0,0,0,0,0,1396,773,1668,0,0,1403,651,2723,2587,5180,1395,1816,1333,0,0,0,146,0,0,0,0,0,0,0,218,23,330,154,0,0,0,1584,230,5972,2013,1094,1371,0,0,605,2977,325,5226,1907,302,1744,812,0,318,168,113,0,309,582,823,2091,324,2732,0,0,0,2,7,56,76,0,0,2634,5901,0,910,116,0,173,85,53,0
SAMPLE_135,0,0,0,0,0,0,0,0,0,0,0,0,0,0,0,0,0,0,2468,1179,0,57,0,0,0,2430,891,286,0,0,0,0,0,0,310,0,2188,0,0,5,0,200,0,0,2930,0,0,0,138,650,264,0,141,0,49,2,0,0,0,0,11,0,0,0,4625,4200,0,2912,0,5256,0,0,0,0,23,10,0,0,0,0,0,0,143,533,0,209,99,0,0,0,634,3349,1163,607,0,843,268,396,1348,691,3841,0,19,83,153,215,1042,1128,0,0,0,0,0,2,1856,0,1610,0,0,0
SAMPLE_136,2298,585,0,0,0,0,0,0,0,0,68,0,0,0,0,0,0,800,0,2456,151,0,64,0,1977,4328,2553,1081,1049,0,400,23,0,0,222,0,305,0,1661,55,67,951,0,1159,1422,5675,0,0,264,0,2076,3570,6526,2267,2206,271,0,0,0,0,0,0,0,47,0,0,0,2321,0,3798,0,664,0,0,0,0,0,0,0,0,0,0,0,0,0,4241,2583,0,964,544,710,0,367,0,124,108,119,113,356,257,2085,0,0,8,5,16,5,37,0,74,0,121,0,84,124,2141,224,1260,939,2465
SAMPLE_137,879,1150,0,0,165,68,0,4215,1096,427,0,369,0,147,0,0,0,3683,678,815,169,0,161,23,0,0,30,0,2,0,22,21,0,0,0,0,0,0,0,0,1932,439,0,0,689,693,0,0,45,39,45,0,121,0,109,1038,17899,707,899,0,576,0,0,0,0,0,0,0,0,0,0,1050,0,295,0,12,282,331,142,1107,539,0,178,42,0,3282,454,137,0,473,1887,0,0,0,0,167,0,663,1947,183,3196,0,2472,840,1117,248,0,0,1083,0,996,2946,40,474,161,0,199,809,667,625
SAMPLE_138,0,84,0,0,444,1096,2789,0,45,223,69,496,0,2052,0,161,0,2935,1969,1894,556,0,215,0,2375,1926,2856,891,387,0,1422,125,0,0,0,0,983,0,0,0,0,0,0,1449,0,0,3291,0,12,66,7,0,8,0,0,238,2465,0,0,829,0,738,83,0,0,0,3741,0,170,0,434,0,0,164,1732,125,785,2158,856,1055,0,2888,1021,5266,260,3,0,95,553,0,0,0,0,0,0,0,0,0,0,0,0,0,1308,2898,1146,2289,496,126,260,0,0,0,0,0,0,0,0,0,0,0
SAMPLE_139,1294,331,0,0,0,0,0,0,0,0,0,0,0,0,0,0,0,0,0,0,0,0,147,0,6714,9803,5888,1611,1814,0,4021,430,426,0,1000,0,3313,0,0,16,0,0,0,0,2506,0,0,0,0,0,326,0,2180,0,356,20,3329,250,427,0,0,0,0,0,4067,5085,1246,220,278,0,1857,0,0,0,952,107,183,998,59,304,0,3809,1558,5581,125,5559,415,0,248,650,0,0,0,0,0,169,63,698,1228,312,2180,0,1772,0,2727,0,0,0,0,0,54,270,244,41,0,1614,0,1198,2347,909
SAMPLE_140,1883,3834,0,519,120,263,413,2690,0,282,0,114,0,0,0,0,0,2454,5027,4233,2461,0,3068,0,0,0,0,0,0,0,0,0,0,0,0,0,0,0,0,0,0,0,0,0,0,0,0,0,0,0,0,0,2213,749,935,697,0,0,0,0,0,0,0,0,0,0,8901,1513,490,0,2253,0,429,8,295,135,0,0,684,455,288,197,0,2297,156,11338,1198,0,0,0,283,3866,1008,0,871,677,339,1065,2389,287,2400,0,1498,4127,935,1125,1000,176,0,0,24,48,0,58,2002,3587,0,2036,1551,405
SAMPLE_141,1592,5396,0,3833,0,204,435,0,0,2,0,16,1115,0,0,0,0,224,240,285,4539,0,2996,0,1851,0,1339,1003,1787,0,965,158,0,49,1443,161,2740,0,1009,413,0,60,0,0,2075,0,0,0,0,0,0,0,0,0,0,0,7807,0,269,0,131,55,0,0,423,341,0,30,0,467,0,0,0,0,0,0,9,12,2,23,0,0,959,3519,407,621,0,0,0,0,0,0,0,0,0,1953,0,606,1430,0,2230,0,0,0,6,14,0,1511,0,3173,2695,6772,0,1351,1574,0,4595,982,0,392
SAMPLE_142,2474,3943,0,2388,0,0,0,0,0,0,443,24,0,0,0,0,0,0,0,0,0,0,0,0,0,0,0,0,0,0,0,0,0,0,0,0,0,0,0,0,0,732,0,1317,1678,2230,0,0,1306,0,1067,521,1262,0,1772,1210,1843,204,552,0,568,0,0,14,0,31,516,0,179,2027,648,1498,0,0,412,134,3915,477,295,558,0,1521,28,0,0,2376,717,0,62,201,661,0,1950,1067,88,2231,1684,557,941,141,1439,0,1953,1134,945,910,1172,1136,700,844,1357,3080,1903,399,203,486,634,2721,1290,0
SAMPLE_143,5515,6686,0,2816,0,27,0,0,1402,0,2295,0,58,0,0,0,0,118,0,0,0,0,0,0,0,0,0,0,0,0,0,0,0,0,0,0,0,0,0,0,0,110,0,68,0,47,0,0,423,834,2761,2522,10254,0,1578,1203,4047,393,424,0,26,621,0,0,162,0,56,0,0,0,0,3878,0,0,56,13,0,0,341,187,0,830,210,1022,32,3254,961,0,74,138,97,323,0,9,109,107,47,706,3110,705,4480,0,0,0,34,0,0,0,332,0,210,189,0,3527,0,1264,0,2860,2085,5019
SAMPLE_144,3137,776,0,0,0,0,0,0,0,0,0,0,0,0,1314,2488,0,679,1840,1105,0,0,0,0,1073,1573,1047,212,22,0,35,27,611,0,762,537,1691,0,0,0,0,178,0,12,536,0,0,0,752,2542,3853,3287,6472,342,1156,113,1028,0,112,2117,0,701,0,0,11479,10159,198,275,0,0,0,0,0,0,1963,122,0,0,42,403,0,2581,492,2442,134,4135,510,300,1582,754,2573,0,686,0,1795,1402,837,347,622,141,1242,0,0,0,0,0,0,0,0,0,0,0,0,0,0,0,0,249,1536,2790
SAMPLE_145,2045,1466,1251,0,290,163,0,0,695,0,890,0,0,0,763,0,0,100,0,537,1332,0,805,0,0,3173,2374,650,667,0,3145,268,0,0,765,2883,3337,2878,7324,468,3875,943,0,0,1126,0,0,0,0,0,0,0,0,0,0,0,0,0,0,0,0,0,0,0,0,0,0,0,0,0,0,0,0,576,149,25,0,0,35,12,0,0,848,4217,247,6116,2719,0,34,0,657,2655,2450,1230,11,4405,1314,1250,3969,627,6092,0,0,0,52,53,125,143,0,552,0,2900,2931,2408,8,0,0,106,547,735
SAMPLE_146,1107,3084,0,1085,266,0,0,0,41,186,72,423,0,0,0,0,0,1048,1779,1945,900,0,0,0,0,0,0,0,0,0,1706,1289,0,0,1857,23,4730,0,0,0,0,37,0,0,0,0,0,0,0,1950,2814,2992,8953,387,1700,236,11618,449,746,0,0,138,0,0,4054,5552,80,1440,9,2687,0,0,0,5,0,12,0,0,504,0,0,36,18,21,0,2668,1053,0,121,299,1034,0,753,0,549,308,0,0,0,0,0,0,0,0,0,0,0,0,0,0,0,0,0,0,827,2475,1212,4023,2338,0
SAMPLE_147,0,0,0,0,0,444,2118,0,255,225,222,669,0,694,1423,3397,2235,0,0,552,59,0,0,40,908,1794,2595,863,18,0,34,0,37,5459,0,1649,47,0,0,0,0,1495,0,561,907,0,0,0,0,0,0,0,196,0,54,3,4546,492,361,0,0,0,0,0,99,0,110,1084,0,0,0,1686,0,9,1174,230,4665,3648,448,0,0,154,0,400,0,2310,311,0,0,0,236,1529,748,2037,0,1431,341,701,1484,1066,4141,0,0,0,0,0,0,0,37,0,2544,1354,0,0,0,0,0,0,0,0
SAMPLE_148,174,702,0,0,0,0,0,0,84,0,99,0,0,0,0,0,0,6,0,257,0,1218,0,0,521,266,255,0,232,0,1359,26,112,1163,699,375,1125,0,0,3,0,20,0,0,556,0,0,0,1172,1428,2442,0,3858,82,617,90,0,0,20,0,8,0,549,395,0,1591,3490,0,73,0,0,1092,0,0,101,40,0,0,506,249,0,0,22,111,3,2582,0,0,0,0,0,0,0,0,0,0,0,0,0,0,137,0,0,0,960,18,0,0,129,0,671,362,0,119,4823,0,3458,0,50,0
SAMPLE_149,1875,2681,0,0,0,0,0,0,0,0,0,0,0,0,0,0,0,0,0,0,0,0,0,0,4957,3601,3644,1727,0,0,0,0,24,0,2399,0,5299,0,0,0,0,19,0,0,483,430,0,0,627,1041,3085,956,1821,0,235,232,3704,249,511,0,0,0,0,0,0,0,87,185,6,462,0,0,21,17,0,0,0,285,0,642,4012,0,15,157,35,3008,355,0,0,0,392,625,869,213,0,1987,473,333,898,285,2470,0,0,0,0,0,0,0,32,0,403,3986,0,2653,3215,0,3586,991,682,0
SAMPLE_150,1437,3443,0,748,0,0,0,0,1622,0,2152,83,0,333,3797,298,0,3085,394,0,0,0,0,0,0,4479,2168,1057,0,0,0,0,0,0,0,0,0,0,0,0,0,0,0,0,0,0,316,0,1206,1030,1040,0,1133,844,1471,160,2689,296,329,0,0,0,0,48,1933,2642,5171,0,217,0,516,0,0,0,330,133,0,0,58,22,0,0,0,34,16,659,316,0,77,317,759,0,2215,0,0,1250,0,360,1253,0,1436,0,5372,1561,3024,527,0,59,0,220,799,1726,1140,233,0,0,0,0,393,0
SAMPLE_151,1153,328,642,0,248,121,0,0,0,0,0,0,0,0,0,0,0,0,0,0,0,0,110,0,873,1193,1775,0,304,0,1870,162,6,17,1869,4,2708,2711,7690,335,2392,582,0,0,47,45,0,0,1031,2135,4534,0,2140,81,417,0,0,21,9,0,0,323,2041,0,0,0,0,419,289,0,0,84,0,0,1597,264,0,0,9,4,0,43,37,167,0,0,186,608,2908,3394,0,242,0,176,0,921,0,460,0,0,0,0,0,0,54,28,0,11,818,0,808,2052,0,334,2196,0,1933,562,746,457
SAMPLE_152,4254,1347,0,215,23,11,0,0,1973,421,1836,728,0,2260,2519,4024,0,115,0,851,2021,0,1829,27,0,2491,925,0,756,0,4677,896,12,2137,0,665,0,0,0,0,0,0,0,0,0,0,0,0,239,0,2022,3368,6864,1806,3597,401,0,0,0,0,0,0,0,0,0,0,0,0,0,0,0,0,0,0,0,59,1978,0,99,54,0,2248,1419,7340,232,880,0,370,2323,2839,2519,633,1059,952,347,990,243,1431,3104,779,5535,0,197,442,292,662,407,247,0,0,2178,1298,0,176,0,0,0,2845,1739,5182
SAMPLE_153,1167,3230,0,0,455,366,3005,0,651,0,905,230,0,693,0,1035,0,40,0,0,2730,0,2912,0,1291,2156,1340,995,157,0,1046,0,3,0,67,0,141,1463,4545,358,0,1149,0,346,2620,2948,0,0,89,0,471,958,775,322,2156,268,0,0,0,1998,0,0,0,0,180,55,0,79,157,0,1017,0,0,1,2218,106,0,0,0,18,0,2710,519,2704,98,0,0,430,3148,2394,1209,0,357,0,55,0,0,0,0,1860,4048,0,0,0,0,0,0,0,0,0,0,0,0,0,3974,0,3065,1216,2410,0
SAMPLE_154,0,0,0,0,0,0,0,0,669,344,0,146,0,0,0,0,0,697,354,711,3645,0,3330,0,0,7683,5139,3454,1224,0,492,0,0,3492,0,2171,0,1895,5516,274,1488,0,0,34,915,1721,0,0,941,4267,3036,849,6340,290,1073,192,18617,1176,1340,0,0,0,93,4,0,0,2999,952,75,2043,0,0,0,0,119,51,1177,396,295,1183,224,0,23,103,2,7549,2987,0,2468,2660,2119,3218,1520,0,0,31,80,309,802,537,3289,0,85,231,237,566,0,0,0,0,0,0,0,0,0,0,0,0,0,0
SAMPLE_155,514,128,147,0,165,695,1330,0,2855,0,1401,17,0,50,0,0,0,2530,4855,4939,0,0,0,0,0,0,0,1469,53,0,24,0,0,3292,0,1032,2674,3819,3240,0,700,0,0,0,1347,844,0,0,345,607,2002,4162,3166,30,495,86,0,0,0,0,0,0,0,0,0,0,0,0,0,0,0,0,0,0,0,0,0,491,117,1415,691,0,15,113,4,4703,1315,0,606,700,3704,0,944,517,17,1024,1488,450,764,679,2063,0,2281,0,1443,0,0,0,0,0,97,56,0,839,0,0,0,304,1916,0
SAMPLE_156,1350,3916,0,2686,0,0,0,0,895,0,1339,15,0,0,0,0,0,62,0,0,1338,0,1661,0,4090,3442,3147,1433,0,0,23,0,1103,0,1702,0,2599,4460,7314,614,265,0,0,0,0,2114,0,0,652,2964,2194,0,1266,0,210,283,0,0,0,0,0,0,0,10,2173,0,0,0,0,0,1312,0,0,15,1683,380,131,605,107,574,508,380,0,2421,0,39,0,0,0,0,0,0,0,0,0,0,0,0,0,0,14,0,0,551,460,1299,803,374,0,191,327,404,0,1957,27,50,0,175,391,196
SAMPLE_157,0,573,0,352,116,319,390,3465,2330,530,944,965,0,3075,4151,7110,0,35,62,95,1203,0,812,0,6934,4401,4703,2058,0,0,0,0,0,0,0,0,0,2042,6998,181,912,251,0,179,0,504,0,0,132,293,797,0,4218,0,0,0,0,121,362,0,0,285,0,0,5794,5743,1706,485,599,0,4004,0,0,713,0,0,0,105,79,594,0,0,1610,0,0,0,0,0,0,0,0,0,0,0,0,0,0,138,610,958,2330,0,1767,3940,3286,1467,0,25,55,0,50,173,0,117,3513,0,4178,1189,254,0
SAMPLE_158,210,98,0,0,189,420,0,0,308,0,0,0,0,0,0,0,0,2276,1243,1562,0,10,183,117,0,117,43,0,61,0,243,0,42,0,0,1704,0,666,0,267,0,0,0,0,0,0,0,0,0,0,0,0,78,0,5,969,1199,47,0,0,28,11,0,0,2024,2426,0,343,0,213,0,0,0,46,1126,50,0,0,41,379,2755,0,162,898,328,514,0,765,2037,1307,679,0,185,0,0,0,0,0,0,0,0,0,4403,6589,2715,3506,2084,1500,0,1858,454,5238,0,696,325,4911,950,3629,918,0
SAMPLE_159,4672,5084,0,2054,0,225,329,0,580,0,0,0,0,0,0,0,0,0,0,0,0,0,0,0,0,0,0,0,0,0,0,0,0,0,0,0,0,0,0,5,0,0,0,0,716,710,0,0,295,490,1532,1452,5729,0,0,0,11614,617,607,0,0,0,1805,0,0,0,89,3181,8,2822,0,0,0,20,30,11,0,0,76,39,0,1413,230,1204,39,0,0,0,0,0,594,1488,2350,277,2156,1703,471,1103,2887,88,3054,0,974,2024,2249,706,391,927,0,666,440,1024,0,192,490,0,1069,549,1351,5265
SAMPLE_160,172,158,0,0,0,69,0,961,973,0,2445,99,0,570,0,0,0,4820,3037,3177,1407,0,1504,0,0,1082,456,0,294,0,1969,1131,0,62,0,230,0,0,0,7,0,0,0,0,0,0,0,0,0,0,0,0,0,0,0,0,0,0,0,0,0,0,0,0,1233,0,1137,244,0,606,0,0,0,20,875,384,105,0,636,321,0,1534,1177,5872,256,267,0,0,2237,3710,0,0,2,0,88,55,18,331,639,173,1372,0,0,616,568,1373,1433,1058,0,0,113,55,0,3434,170,3558,0,2179,585,0
SAMPLE_161,3857,3221,0,0,0,0,0,0,0,0,0,0,0,0,0,0,0,0,0,0,0,0,0,0,0,0,0,0,1635,0,2342,0,22,0,173,56,1126,0,0,0,0,0,0,0,1407,2307,0,0,55,85,242,152,166,64,342,48,949,0,48,0,0,0,0,0,0,1572,0,17,0,0,17,0,0,572,96,24,341,0,26,11,0,2376,526,2523,253,3245,0,397,1504,1551,1269,1072,779,945,0,1658,415,0,225,80,672,0,89,213,246,472,1463,1544,0,3447,874,7163,1663,1043,243,0,0,181,1101,3285
SAMPLE_162,2698,642,0,0,360,581,1895,0,0,152,13,397,0,0,1190,2350,0,1717,4633,4152,1013,0,1350,0,1605,4067,2732,2196,52,0,320,27,2,33,1303,18,3600,1622,6722,221,972,1930,0,681,1286,0,0,0,303,476,1638,3366,2583,0,2295,1142,16292,901,1511,0,0,0,0,272,4479,6081,713,0,285,259,1930,0,16,0,31,3,0,0,0,0,0,42,11,45,0,0,0,0,0,0,0,0,0,0,0,0,0,0,0,0,0,0,0,0,0,0,0,0,0,0,0,0,0,138,0,3082,0,2092,3302,840
SAMPLE_163,11,3,0,0,743,629,1843,2367,0,1027,868,0,0,0,0,0,0,0,0,0,0,0,0,0,0,0,0,0,0,0,0,0,0,0,85,1455,881,2091,4894,395,682,85,0,0,1309,0,0,0,0,0,1831,3725,4405,533,3117,339,0,0,0,0,0,0,0,0,9081,7000,1710,1034,610,0,4393,0,322,128,1473,656,911,0,282,179,0,0,37,21,8,136,104,140,925,1722,1396,138,1578,0,0,1762,415,0,159,748,1473,0,2292,0,696,0,88,345,0,477,288,2456,48,371,0,0,0,7,38,10
SAMPLE_164,1110,295,0,0,0,0,0,0,0,0,0,0,0,0,0,0,0,1846,1998,1329,248,0,355,0,2746,1635,1494,649,130,0,787,0,107,2226,0,853,70,0,0,0,0,740,0,278,1505,2274,0,12,0,0,0,255,197,159,1145,168,4998,186,514,0,0,0,0,24,0,0,0,0,0,0,0,0,0,5,1429,179,44,0,0,0,0,0,0,0,0,4160,0,0,0,0,586,3798,2240,0,107,1713,445,399,1264,276,2674,0,0,0,1410,0,0,57,0,0,0,0,0,147,2863,0,2040,1000,2244,755
SAMPLE_165,1234,5395,0,1222,0,17,103,0,0,0,0,0,0,0,0,0,0,0,0,0,0,0,0,0,0,2044,807,0,1093,0,390,0,125,516,885,306,2677,0,0,0,0,425,0,713,647,1006,0,0,397,0,3218,5598,9368,123,3336,1211,0,0,0,0,0,0,0,0,1618,1577,1473,1323,442,792,1314,0,8,352,477,42,0,0,728,1566,0,0,1412,448,0,7798,2035,0,0,0,0,0,0,0,0,0,0,592,1667,321,1932,0,0,1201,336,0,0,48,26,0,389,3483,128,529,38,0,0,60,382,0
SAMPLE_166,0,0,0,0,0,0,0,0,0,0,0,0,0,0,0,0,0,0,0,1365,428,0,223,0,0,4110,2128,628,2597,0,4245,291,608,3,1134,1629,0,0,0,0,0,5165,0,4669,0,3313,0,0,1339,0,2901,0,6988,0,1092,0,276,0,151,0,1183,0,0,907,0,0,843,3521,294,5418,292,0,0,17,1155,428,3800,1686,510,939,0,783,1115,5791,822,3476,0,0,549,666,2614,311,3309,0,0,0,0,386,659,79,715,0,1453,3114,2260,1037,1110,272,0,89,496,376,0,314,3080,0,887,0,0,0
SAMPLE_167,0,0,0,0,0,0,0,1893,381,923,1636,763,0,1184,547,2014,0,948,0,430,0,0,930,0,0,64,51,0,281,0,1658,211,92,0,232,0,613,215,0,0,0,857,0,468,416,1014,0,1331,0,0,0,0,1643,0,282,39,0,0,10,0,0,0,0,0,20146,19862,0,0,0,0,0,0,0,0,0,0,0,0,6,2,0,0,0,1361,0,0,0,0,0,0,0,0,0,809,153,962,807,348,677,0,1392,0,0,181,0,335,951,237,531,0,1470,908,0,448,108,0,181,36,0,0
SAMPLE_168,332,83,4,0,719,319,0,2384,0,1138,21,1119,0,0,0,0,0,2490,500,719,34,0,14,0,503,2175,1369,1015,0,0,2005,534,0,0,198,0,1114,0,0,5,0,1879,0,949,133,0,0,0,134,272,961,1928,1478,1796,1334,655,0,0,0,0,0,0,0,0,0,0,1743,0,145,0,658,0,0,0,0,0,0,0,0,0,0,0,0,0,0,64,0,0,0,313,507,391,1148,0,73,310,63,219,597,358,1201,0,77,175,153,392,2195,2192,0,1843,228,1507,482,219,1434,3354,2372,5432,1396,0
SAMPLE_169,159,189,0,59,0,0,0,0,317,0,781,312,0,277,1402,908,0,26,0,0,0,0,0,0,0,0,0,0,0,0,0,0,416,0,447,114,0,0,0,0,0,0,0,0,0,0,0,0,0,0,0,0,0,0,0,1060,11846,810,870,0,892,11,0,0,0,0,3985,894,104,2069,0,698,0,0,1325,65,0,676,599,573,0,0,10,49,1,5742,2776,0,112,312,212,0,230,0,62,41,24,158,625,147,857,0,0,0,94,134,768,775,0,654,26,318,0,1219,469,0,791,2186,582,0
SAMPLE_170,120,573,0,377,89,234,0,2930,952,177,517,117,0,0,86,0,0,3544,3372,2362,2005,0,1072,0,4766,1238,1687,0,0,0,0,0,0,0,0,0,0,0,0,0,0,64,0,0,93,0,0,0,1896,1589,3042,2210,2581,2082,1408,138,0,133,0,0,0,0,0,4,15359,13711,216,35,33,0,270,0,0,0,0,0,0,0,0,0,0,0,0,0,0,3065,999,0,87,314,456,0,1148,0,20,874,285,295,939,0,820,0,0,187,392,614,1321,1572,0,1405,255,2687,110,346,1691,3005,2048,2277,0,0
SAMPLE_171,54,38,0,0,17,55,642,2663,0,445,0,382,0,106,285,313,0,0,0,0,0,309,0,0,0,0,0,143,0,0,2576,544,0,44,0,12,0,0,0,0,0,0,0,0,0,0,0,0,0,2050,605,0,432,39,198,24,25076,1609,1832,0,0,43,0,0,10047,7677,0,13,0,0,0,1453,0,92,21,5,0,14,4,30,0,0,0,0,0,3019,0,0,534,161,0,0,25,42,0,215,133,202,663,0,1720,0,0,0,863,1371,520,168,0,282,757,3641,209,0,0,0,0,0,99,40
SAMPLE_172,799,200,0,0,154,588,1177,0,2293,0,3035,209,0,599,0,2891,0,77,199,250,2275,0,1861,0,5707,6431,4138,1658,0,0,517,388,0,0,0,1587,4,0,0,0,0,0,0,0,0,0,0,0,0,0,0,0,0,0,0,0,7078,650,715,0,0,438,0,0,0,0,655,3418,192,5298,1376,0,0,0,1418,72,0,0,26,82,390,0,286,346,66,11014,1827,0,72,74,98,0,260,1119,2,2681,709,438,779,80,825,0,0,0,0,0,0,0,0,0,940,518,0,2859,0,1069,0,1828,1235,195
SAMPLE_173,963,3481,0,1956,0,5,0,1925,0,0,0,0,0,0,0,0,74,0,0,321,973,0,375,1,2112,4200,2675,1883,298,0,1758,33,6,1412,0,2553,0,0,0,0,0,372,0,714,0,0,0,0,665,1355,4418,89,12197,0,0,0,3633,113,0,0,0,0,0,0,6047,5165,968,247,296,0,0,0,0,199,0,0,0,0,0,0,0,0,0,0,0,1743,1282,0,0,0,0,0,0,0,1167,1284,641,361,956,94,902,0,2606,657,761,0,691,124,0,75,10,94,0,208,1361,3196,3175,3098,998,0
SAMPLE_174,122,129,27,0,0,5,21,2226,0,864,0,325,0,0,163,0,0,1252,61,0,0,0,0,0,0,0,0,0,0,2177,0,0,0,718,213,252,359,0,7251,196,893,884,0,0,0,0,0,0,0,0,0,0,102,0,58,0,0,0,0,40,0,0,0,2,4205,0,0,0,0,0,0,0,0,460,0,0,0,0,0,0,0,352,312,1544,417,4218,2666,0,598,1187,2885,0,1410,333,0,867,1424,0,499,1236,3789,0,143,341,262,615,312,63,0,0,646,407,0,345,3091,0,3155,1724,454,0
SAMPLE_175,0,4206,0,441,264,590,134,0,927,118,0,283,0,0,841,0,0,2379,0,0,1255,0,596,0,0,0,0,0,0,0,0,0,0,0,0,0,0,0,0,0,0,0,0,0,78,0,0,0,1231,1265,6984,4416,13594,168,3458,1058,0,50,63,0,0,387,0,0,490,508,0,0,0,0,0,0,0,0,53,4,0,393,10,65,0,0,0,0,0,1724,1028,153,785,0,31,0,136,422,313,457,151,139,266,32,313,0,0,206,292,674,1048,566,0,0,2036,1131,0,160,0,0,0,0,0,189
SAMPLE_176,646,127,0,0,351,841,0,2608,0,2371,75,1882,0,1373,4419,5693,0,1009,1635,781,918,0,389,0,6901,7201,4801,1579,97,0,588,69,531,0,3160,1942,5862,0,0,58,1007,729,0,572,1232,972,0,0,383,663,2132,2524,7226,835,1563,258,17999,802,1147,0,534,0,0,487,13515,13911,0,4026,0,5025,0,0,0,0,0,0,0,0,0,0,0,0,0,0,0,0,0,0,0,0,219,0,47,219,0,493,863,0,885,0,2523,0,0,0,0,0,0,0,0,28,3,68,0,138,2230,0,2130,553,276,47
SAMPLE_177,274,431,0,142,0,0,0,5866,0,983,17,860,0,159,0,0,4,3094,3373,4045,19,0,0,0,2776,0,1010,346,352,0,0,0,0,0,0,0,0,0,10,18,0,2939,0,1649,0,1098,0,0,0,372,1256,0,656,35,1373,135,0,0,104,0,925,267,0,0,8073,7170,411,0,107,0,825,0,0,67,0,0,0,0,833,436,0,0,112,502,0,9303,1880,0,0,0,115,175,414,0,11,21,23,13,26,0,0,0,0,0,0,0,0,0,0,0,0,0,0,0,158,4144,0,2067,693,0
SAMPLE_178,458,153,0,0,101,43,0,0,659,0,1025,72,0,12,0,0,0,1505,31,53,735,0,929,0,1964,2448,2481,868,1241,0,1638,0,170,1979,0,1238,0,0,0,0,185,0,0,0,0,0,0,0,511,0,2939,1624,4996,0,731,332,3822,0,142,0,0,0,0,0,9485,8449,80,0,2,0,0,0,0,0,2780,413,0,0,416,211,0,0,0,0,0,0,0,0,0,0,0,0,0,0,0,0,0,0,0,0,0,0,41,0,916,2067,875,385,0,218,0,0,0,0,3582,4198,0,3751,1950,0
SAMPLE_179,559,2582,0,555,0,0,0,0,0,0,0,0,1950,0,0,0,0,3321,0,4,609,0,238,0,0,0,0,0,0,0,0,0,0,0,0,23,0,0,0,0,0,1423,0,349,1830,0,0,0,699,1384,4653,2055,5626,141,996,150,6327,305,422,0,0,0,0,0,29,0,58,3269,7,7170,38,0,3,0,13,9,0,0,0,1452,862,270,523,2427,63,14609,1636,0,1000,0,838,4103,2803,0,0,1632,1544,720,1302,141,1843,0,1692,901,831,828,0,0,0,0,2014,2661,0,369,0,110,0,331,292,0
SAMPLE_180,3500,5226,0,2986,150,278,0,0,0,0,1310,12,0,0,1004,0,0,402,328,102,1706,0,1717,714,0,1296,1020,1942,0,0,0,0,90,725,0,241,188,3759,5736,517,0,201,0,0,601,0,0,0,0,0,0,0,0,0,0,0,0,0,0,0,388,0,0,0,550,0,423,3410,150,5876,863,0,3,0,38,0,881,1152,300,2670,4427,0,330,1378,218,5376,2634,0,700,1767,1689,2482,2053,0,0,507,1189,480,1242,161,1445,0,0,0,0,0,0,0,1212,0,172,1753,0,225,917,345,826,2492,2924,1984
SAMPLE_181,0,118,0,0,907,1268,3162,1189,0,1397,147,1534,0,1115,0,0,0,0,0,444,889,0,1082,0,2093,1480,1181,518,0,0,0,0,0,0,0,2257,0,5818,8751,411,910,964,0,293,954,0,0,0,0,0,0,0,0,0,0,0,0,0,0,0,0,0,0,0,4604,3971,288,0,53,2595,289,0,33,44,25,21,0,2852,42,599,306,0,77,371,48,13050,3523,0,768,1607,0,527,330,256,0,1657,399,1187,2339,536,4589,0,0,0,33,17,26,74,0,87,1275,4007,3890,527,51,99,0,61,13,0
SAMPLE_182,530,2310,0,2788,0,0,0,0,0,0,0,0,0,0,0,0,0,1952,5125,5404,352,0,154,0,0,2147,0,15,12,0,55,22,0,0,1671,0,5740,0,0,328,0,0,0,0,2910,3494,0,0,0,0,0,0,0,0,0,0,0,0,0,0,0,0,0,0,8841,8477,19,82,8,0,64,0,0,0,20,11,77,0,587,357,0,541,757,2930,151,8788,2172,0,557,1521,3193,0,2790,0,257,184,67,217,847,437,2830,0,0,0,2431,736,0,15,0,0,580,347,0,3184,2535,0,4800,1101,401,0
SAMPLE_183,4284,1589,0,723,41,0,880,734,0,465,59,612,0,399,0,0,0,2890,0,0,1605,0,958,0,3478,2530,1807,0,77,0,368,35,287,0,1630,0,0,0,0,0,0,0,0,527,1207,1281,0,0,530,1603,1362,0,2455,119,404,0,0,0,0,0,1,0,285,0,0,0,0,1613,0,3007,962,0,173,0,59,2,0,269,13,65,0,1828,293,1490,0,170,97,0,0,0,358,2759,1353,8,227,909,570,0,0,0,0,0,0,0,0,0,0,0,51,0,283,1581,1439,219,240,1656,0,0,2030,4353
SAMPLE_184,903,2425,0,218,83,42,0,5891,0,1447,0,1365,0,1426,0,0,0,0,0,0,1497,0,2094,0,2191,1124,1617,988,77,0,94,0,1,299,0,377,0,0,4946,119,193,2838,0,1753,0,1455,0,0,846,2779,4026,3066,12471,443,2174,322,1371,168,297,0,1065,17,0,0,0,0,544,0,157,0,0,0,0,0,0,0,0,0,0,0,0,0,0,0,0,0,474,0,64,155,570,0,1847,0,643,1033,1475,395,677,0,0,0,0,2628,180,579,220,36,724,0,0,0,0,0,0,0,0,0,0,633
SAMPLE_185,165,836,0,0,88,75,488,0,0,0,0,0,0,0,0,0,0,0,0,0,0,0,0,0,28,0,42,0,0,0,0,0,57,0,103,0,230,0,0,0,0,800,0,389,564,1946,0,0,2151,2162,4458,0,7707,343,1309,155,520,21,0,0,0,0,0,0,23,0,176,0,44,1724,0,762,0,353,472,206,0,0,121,984,4720,0,76,133,5,1501,289,0,0,425,460,209,731,0,0,0,0,5,0,811,1316,0,0,0,0,128,838,846,0,0,256,2345,0,475,0,1157,878,3019,0,0
SAMPLE_186,0,1688,0,0,348,187,587,5348,0,304,22,635,0,1460,2933,3619,0,902,2628,1348,0,0,0,28,0,259,0,0,1193,0,0,0,35,123,0,737,2016,720,2122,201,84,86,0,0,1928,1099,0,0,1697,935,0,1638,0,2636,1509,594,10653,467,724,0,0,11,0,187,0,0,7715,434,273,1242,0,0,0,311,0,0,0,0,0,0,0,0,0,0,0,4009,232,0,0,0,409,1865,1673,957,0,776,185,182,519,900,2467,0,0,689,397,806,0,115,21,0,0,0,0,0,0,0,0,0,0,0
SAMPLE_187,327,1013,0,1195,0,0,0,0,0,0,0,0,0,0,0,0,0,0,0,0,0,0,0,0,0,0,4,0,51,0,354,13,13,0,0,135,921,1356,0,285,0,172,0,57,1035,2359,0,0,47,161,66,0,18,0,2,679,0,0,0,2929,0,29,0,0,12096,13292,826,194,219,0,865,1752,0,72,1058,444,0,0,0,78,165,0,960,0,0,1192,548,0,0,0,307,1855,824,1260,1428,2369,1774,1072,1938,405,3666,0,0,0,0,0,0,212,3167,0,0,0,0,0,1204,0,3681,874,274,0
SAMPLE_188,0,0,0,0,0,0,0,0,0,0,0,0,0,0,0,0,0,0,0,0,418,723,283,0,617,620,880,1489,11,0,7,0,0,0,0,1440,1049,3211,3767,97,0,67,0,0,439,390,0,0,396,739,2554,3620,6881,354,1318,391,0,0,32,0,3,0,0,0,0,0,2462,0,65,2461,55,0,0,280,2595,101,0,0,100,195,0,0,212,51,0,1024,882,684,5057,3315,2498,0,1536,0,149,118,20,288,1183,1027,2690,0,223,121,988,880,0,0,1630,0,3,0,0,0,0,0,0,0,0,0
SAMPLE_189,208,47,157,0,558,234,601,1380,0,905,0,1548,0,2154,0,579,0,2249,10,0,460,0,617,0,3154,2713,2300,297,1577,0,4787,1186,280,0,0,878,0,1365,2569,187,697,2431,0,139,948,1638,0,0,90,0,793,929,3262,199,608,60,3895,365,345,0,0,0,0,15,5574,5819,92,829,6,1355,0,0,0,0,1186,418,0,0,14,23,50,0,0,0,0,0,0,0,0,0,0,0,0,0,0,0,1338,393,1124,729,3800,0,0,0,316,150,496,685,405,0,0,0,0,0,0,0,0,0,0,156
SAMPLE_190,0,4492,0,3712,423,302,1699,0,0,0,0,39,0,41,101,0,0,3399,4666,2018,0,0,0,0,962,749,972,140,1941,0,2144,0,6,3229,0,960,0,6090,8960,360,988,3485,0,1753,1395,1980,0,0,249,290,631,0,2803,93,839,104,0,0,0,0,0,22,0,166,7585,4267,0,4518,0,7567,0,0,0,0,0,0,0,0,0,0,0,0,0,0,0,0,0,0,0,0,82,0,19,0,0,393,136,343,1347,1341,4931,0,0,0,610,1503,714,216,0,0,1765,4678,0,1489,805,0,0,0,0,0
SAMPLE_191,0,0,0,0,0,0,0,0,0,0,0,0,0,0,257,0,0,2211,1430,0,54,0,72,2,323,1181,516,0,0,0,10,14,123,0,215,218,328,7922,14053,419,1802,1547,0,801,250,0,0,0,306,194,1297,545,795,77,231,313,13253,462,913,0,495,0,0,0,0,0,9,0,2,0,0,0,0,3,259,100,1322,0,272,1825,3840,0,0,0,0,698,158,307,2517,1559,1005,0,0,165,0,762,1439,319,635,534,1394,0,288,635,548,1142,325,1570,1333,0,36,0,47,0,0,0,0,0,0,0
SAMPLE_192,2244,1569,0,0,646,880,3426,0,0,0,0,682,0,783,4732,3948,0,197,344,98,0,45,0,9,0,997,1327,2130,158,0,1050,0,1330,0,2090,2936,5505,0,0,23,242,0,0,0,0,0,0,0,0,0,285,0,2148,22,354,41,1240,44,100,0,0,0,0,0,767,824,0,0,0,0,0,0,0,0,0,0,0,0,0,0,103,0,9,38,1,387,178,0,0,0,0,0,0,0,0,1193,2800,1168,2185,1016,0,0,324,0,2051,493,0,1056,0,807,135,556,0,1420,4283,0,4005,1058,800,2681
SAMPLE_193,5455,6727,0,4857,0,0,0,0,0,0,0,0,0,0,0,0,0,0,0,0,0,0,0,0,0,0,19,0,170,0,1067,161,0,48,0,45,2,0,0,0,0,351,0,72,967,750,0,0,1328,0,4522,1554,7494,0,0,0,0,0,479,0,0,1371,0,0,6144,5949,72,2599,3,4173,9,0,0,0,2605,126,0,0,185,1396,3004,0,1310,398,0,167,39,482,1967,1348,824,0,279,0,0,388,110,595,1336,977,3943,0,542,524,392,398,482,538,0,774,2142,6167,0,833,0,434,0,1013,4612,4934
SAMPLE_194,0,964,0,0,95,193,0,7569,0,1272,89,672,0,59,0,0,0,2847,3477,4476,57,0,40,0,2152,777,1100,184,962,0,599,126,16,0,12,59,0,142,468,13,0,23,0,0,954,945,0,0,544,2989,1082,0,506,281,233,28,0,0,0,0,747,0,0,0,0,0,673,705,202,802,1231,0,11,35,0,195,3865,0,205,0,0,0,1062,544,77,206,0,274,885,0,10,74,23,11,0,76,0,0,0,0,0,0,0,0,0,0,0,0,0,0,0,0,146,0,0,0,0,0,0,0
SAMPLE_195,0,0,0,0,47,98,0,0,0,0,0,0,0,0,0,0,0,0,0,0,0,0,0,849,0,217,233,325,9,0,63,21,878,9,1218,4,1960,0,0,0,0,573,861,291,0,207,0,0,1212,0,1312,0,4421,0,2017,951,0,0,7,0,0,69,0,0,5558,5105,2156,0,686,0,258,0,0,0,141,49,645,2791,186,1044,405,0,0,0,0,1229,195,0,0,0,29,0,77,0,131,0,0,124,431,84,483,0,127,115,160,185,579,543,0,303,1117,2044,1031,323,68,0,0,0,0,0
SAMPLE_196,0,0,0,0,0,0,0,0,0,84,0,238,0,1020,0,0,0,1857,1909,1142,1414,0,1869,0,3983,2968,3381,1421,216,0,62,2,9,28,88,29,501,0,0,26,32,58,0,0,796,933,0,0,537,1569,2783,2194,0,0,0,0,0,0,0,0,0,0,0,0,0,0,985,823,294,509,1997,0,156,0,2175,109,0,0,0,0,0,3481,0,0,0,7557,1536,0,0,0,0,0,0,0,1651,1172,685,1059,2192,241,2288,0,1143,928,847,1390,0,792,0,1740,407,1563,0,0,0,0,0,0,0,0
SAMPLE_197,0,0,0,0,0,0,0,0,0,0,0,0,0,0,0,0,0,0,0,0,142,40,193,0,4993,3208,4188,2265,88,0,296,0,12,0,85,125,616,8335,12480,577,0,1625,0,604,2136,2134,0,0,1023,875,993,108,683,0,94,0,445,0,52,0,59,261,0,0,6833,6882,85,0,3,1668,0,0,0,354,2331,221,0,0,150,1108,0,1178,1565,7795,516,0,0,151,2046,1289,1512,257,1922,0,231,652,1238,526,1437,336,2773,0,28,133,141,283,930,1384,0,946,94,735,0,365,0,0,0,0,0,0
SAMPLE_198,0,0,1276,0,182,728,0,0,0,0,0,0,0,0,0,0,0,0,3999,1905,2428,0,1522,0,0,0,2,0,19,0,18,1,2304,0,0,188,150,0,0,0,0,2276,0,2362,880,2786,0,0,1859,495,2929,3140,3621,3487,0,0,167,0,15,52,0,0,0,0,0,0,0,0,0,783,0,0,0,206,782,334,0,0,10,28,0,3161,572,2894,80,2620,1416,0,0,0,231,1290,425,985,0,1675,405,1023,2007,0,1842,0,2206,868,698,210,0,38,1239,0,0,0,614,0,1326,0,3846,1461,392,801
SAMPLE_199,0,0,0,0,0,0,0,0,0,0,0,0,0,0,0,0,0,0,0,0,1354,0,1742,0,0,6397,2195,0,420,0,2502,128,0,3,886,1,1282,3633,7390,505,1119,1398,0,0,851,0,0,0,111,87,95,0,203,0,38,884,7472,323,454,0,0,0,0,0,4149,4920,977,1697,312,700,0,0,0,250,0,0,1738,0,128,449,2358,0,0,0,10,10548,4660,0,0,0,709,0,536,0,543,836,377,586,2049,0,3366,0,0,0,26,0,1238,1408,333,1192,143,1639,1231,265,441,170,0,469,2323,0
SAMPLE_200,0,0,0,0,0,0,0,0,0,0,0,0,0,0,0,0,0,0,3370,3182,0,0,0,0,9459,0,3148,1571,22,0,162,0,782,0,1123,594,1773,0,0,0,0,0,0,0,1120,0,0,0,418,730,2450,2030,7928,0,0,0,294,0,0,0,0,0,0,0,0,3159,1201,307,362,0,218,0,43,263,0,0,0,0,0,0,0,0,512,126,0,6123,418,0,895,2173,1086,0,282,0,1602,2022,2547,1401,3521,528,5139,0,1735,1094,912,1128,265,115,0,0,1063,4180,0,1031,80,4833,35,0,0,0
